Season,Champion,Picks,Bans,Presence,Wins,Losses,Winrate,KDA,Avg BT,GT,CSM,DPM,GPM,CSD@15,GD@15,XPD@15
S12,Jinx,2025,1042,0.82,1066,959,0.53,4.2,4.6,1.322916667,9.6,549,449,1.4,67,-78
S12,Zeri,595,1949,0.68,346,249,0.58,5,3.7,1.316666667,9.4,569,452,-0.6,4,31
S12,Lee Sin,1332,1194,0.67,685,647,0.51,3.4,4.3,1.334027778,5.4,277,341,-2.6,-1,-44
S12,Xin Zhao,1438,978,0.64,717,721,0.5,2.8,5,1.34375,5.4,304,330,-1.9,-92,-72
S12,Gwen,891,1454,0.63,458,433,0.51,2.8,5,1.327777778,8.1,471,398,0.5,-52,1
S12,Aphelios,1710,545,0.6,839,871,0.49,3.4,4.8,1.3375,9.1,509,433,0.3,94,28
S12,Nautilus,1514,687,0.59,739,775,0.49,2.3,7.2,1.320138889,1.1,140,232,2.2,-45,-37
S12,Ryze,901,1121,0.54,409,492,0.45,3.5,4.7,1.311805556,9,407,406,3.1,69,9
S12,Leona,1328,544,0.5,678,650,0.51,2.4,7.7,1.341666667,1.2,109,233,2.5,-37,-66
S12,LeBlanc,524,1259,0.48,246,278,0.47,4,5.6,1.341666667,7.8,522,382,3.3,118,183
S12,Caitlyn,316,1418,0.46,165,151,0.52,4,3.7,1.372916667,9.1,516,441,7.5,445,59
S12,Jayce,681,1035,0.46,350,331,0.51,2.6,6.6,1.336111111,8.5,658,417,10.3,322,-29
S12,Thresh,729,928,0.44,381,348,0.52,3.1,5.3,1.352083333,1.1,106,234,2.7,-14,-43
S12,Hecarim,736,896,0.44,379,357,0.51,3.5,4.5,1.310416667,5.8,287,347,4.6,91,144
S12,Twisted Fate,323,1261,0.42,182,141,0.56,4.5,3.8,1.334722222,7.7,401,404,-9.1,227,-174
S12,Viego,1082,483,0.42,531,551,0.49,3.3,5.5,1.341666667,5.7,283,350,1.9,87,56
S12,Akali,507,1033,0.41,276,231,0.54,3.1,5.1,1.361805556,7.6,485,386,-4.3,-113,96
S12,Viktor,928,583,0.4,466,462,0.5,3.6,6.5,1.358333333,8.8,644,406,2.7,-65,74
S12,Ahri,812,691,0.4,434,378,0.53,4.5,5.1,1.321527778,8.3,486,399,0.9,97,99
S12,Tryndamere,395,940,0.36,204,191,0.52,2.9,5.7,1.324305556,8.9,388,432,4.3,308,170
S12,Corki,544,789,0.36,290,254,0.53,4.1,4.8,1.384027778,9.2,716,441,1.2,120,-40
S12,Renekton,516,784,0.35,233,283,0.45,2.4,5.1,1.321527778,8.1,360,384,8.2,310,160
S12,Karma,466,830,0.35,204,262,0.44,3.4,4.4,1.353472222,1.9,253,255,-12.3,-109,-157
S12,Camille,512,772,0.34,274,238,0.54,2.5,7.4,1.309722222,7.5,426,387,-4.7,-137,-32
S12,Graves,811,469,0.34,382,429,0.47,2.6,5.7,1.333333333,8.8,498,413,6,179,117
S12,Jarvan IV,609,576,0.32,304,305,0.5,3.4,6,1.336111111,4.9,247,325,-4.8,-149,-193
S12,Volibear,650,533,0.32,345,305,0.53,3.2,4.8,1.325,5,273,324,-5.9,-134,-200
S12,Gnar,767,403,0.31,386,381,0.5,2.5,7.3,1.327777778,8,464,391,3.6,154,109
S12,Rakan,687,459,0.31,361,326,0.53,3.8,7.6,1.331944444,1.2,141,241,2.3,30,-35
S12,Vex,455,640,0.29,233,222,0.51,3.4,6.8,1.330555556,7.7,482,377,-5.6,-145,-186
S12,Diana,302,791,0.29,145,157,0.48,2.8,3.9,1.297222222,6.7,398,375,14.2,365,495
S12,Tahm Kench,598,462,0.28,308,290,0.52,2.8,6.3,1.325694444,1.4,161,238,2.8,-40,62
S12,Syndra,450,609,0.28,199,251,0.44,2.8,7,1.341666667,8.3,512,385,5.1,59,-27
S12,Jhin,706,184,0.24,332,374,0.47,5.3,6.5,1.358333333,8.7,467,412,-3.9,-293,-15
S12,Orianna,507,272,0.21,251,256,0.5,4.4,7.7,1.336111111,8.8,465,400,5.2,-10,63
S12,Xayah,479,265,0.2,241,238,0.5,3.9,5.6,1.338194444,9.2,600,429,0.5,-1,152
S12,Gragas,537,199,0.2,237,300,0.44,2.5,7.5,1.355555556,6.6,380,328,-13.8,-560,-173
S12,Lulu,324,375,0.19,160,164,0.49,4.4,7.1,1.318055556,0.9,108,238,-6.1,-60,-30
S12,Ornn,402,242,0.17,201,201,0.5,3.2,7.3,1.333333333,6.8,354,335,-11.5,-478,-139
S12,Yuumi,215,385,0.16,98,117,0.46,5.3,6.1,1.306944444,0.3,267,233,-13.2,-230,65
S12,Trundle,333,220,0.15,166,167,0.5,3.3,5.7,1.359027778,4.8,241,318,-10,-312,-391
S12,Irelia,150,372,0.14,82,68,0.55,2.1,6.3,1.320138889,8.8,420,420,11.4,200,45
S12,Veigar,204,309,0.14,100,104,0.49,4,6.2,1.331944444,8.4,451,403,-3,-63,-69
S12,Sylas,264,249,0.14,139,125,0.53,3.2,7.6,1.310416667,7.7,450,389,-5.9,-202,-77
S12,Ezreal,387,122,0.14,162,225,0.42,3.2,8.1,1.345833333,8.9,640,415,-1.2,-203,-43
S12,Gangplank,214,293,0.14,121,93,0.57,3.3,7.3,1.365277778,8.5,624,444,4.5,354,-22
S12,Braum,303,181,0.13,134,169,0.44,2.9,8.3,1.3375,1.1,153,228,0.6,-35,42
S12,Zoe,176,284,0.12,87,89,0.49,4.8,5.9,1.341666667,7.8,529,376,0,63,-33
S12,Renata Glasc,210,245,0.12,111,99,0.53,3.8,6.2,1.292361111,1,155,244,-3.6,31,118
S12,Kennen,241,175,0.11,118,123,0.49,2.2,8.1,1.3375,7.6,508,374,2.1,-33,10
S12,Kaisa,263,151,0.11,122,141,0.46,3.9,6.3,1.305555556,8.9,599,436,1.1,-41,43
S12,Galio,192,212,0.11,102,90,0.53,3.6,5.9,1.297916667,6,332,334,-12.1,-313,-196
S12,Sett,247,140,0.1,119,128,0.48,2.1,7.4,1.329166667,4.2,314,309,-0.7,77,4
S12,Alistar,269,99,0.1,129,140,0.48,2.7,8.4,1.347916667,1,128,231,-1.1,-26,-15
S12,Lucian,178,177,0.09,90,88,0.51,3.2,4.7,1.328472222,8.9,528,432,8.1,240,91
S12,Poppy,162,181,0.09,84,78,0.52,2.8,6.4,1.397222222,5.1,246,310,-3.7,-166,-140
S12,Aatrox,226,106,0.09,120,106,0.53,2.8,8.7,1.306944444,8,460,394,9.9,427,350
S12,Malphite,136,196,0.09,75,61,0.55,3.1,8.6,1.301388889,6.6,395,339,-18.9,-846,-166
S12,Sion,231,100,0.09,114,117,0.49,2.8,7.6,1.330555556,7.2,369,350,-11.2,-440,-119
S12,Jax,134,190,0.09,70,64,0.52,2.1,8.1,1.327777778,8.2,395,404,-2.1,-66,-84
S12,Akshan,90,216,0.08,46,44,0.51,2.8,5.2,1.319444444,8.2,455,406,5.9,373,84
S12,Zilean,134,155,0.08,62,72,0.46,4.6,6.4,1.33125,4.3,225,286,-4,-227,207
S12,Yasuo,112,156,0.07,55,57,0.49,2.6,6.3,1.279166667,8.5,346,413,0,26,-95
S12,Lux,179,85,0.07,98,81,0.55,3.3,5.5,1.364583333,1.5,338,265,-7.9,315,71
S12,Senna,143,118,0.07,73,70,0.51,4.2,4.1,1.3375,4.6,457,355,-6,209,106
S12,Varus,186,67,0.07,80,106,0.43,3.2,7,1.347222222,8.6,542,407,2.3,0,51
S12,Seraphine,113,127,0.06,64,49,0.57,4.8,4.3,1.329166667,6.3,345,345,-8,-304,-182
S12,Nidalee,81,147,0.06,39,42,0.48,3.7,3.3,1.345833333,6.4,467,376,8.1,343,354
S12,Fiora,86,124,0.06,44,42,0.51,2.6,5.1,1.297222222,8.2,474,406,3,18,-15
S12,Azir,127,82,0.06,58,69,0.46,3.1,7.2,1.379166667,8.9,570,403,2.6,43,100
S12,Ziggs,98,82,0.05,38,60,0.39,3.2,5.7,1.366666667,8.7,654,404,-7.2,-233,-38
S12,Rell,108,55,0.04,54,54,0.5,2.7,6.7,1.31875,1.1,134,235,2,26,-27
S12,RekSai,79,67,0.04,31,48,0.39,2.1,5.2,1.30625,5.5,311,345,0.3,205,28
S12,Olaf,77,68,0.04,40,37,0.52,2.6,6.9,1.35625,5.9,353,344,11.2,184,200
S12,Tristana,102,38,0.04,36,66,0.35,2.8,7.6,1.302083333,9.1,450,433,0.6,195,138
S12,Karthus,43,96,0.04,18,25,0.42,2.6,3,1.31875,7.6,762,410,10.5,9,382
S12,Samira,59,80,0.04,29,30,0.49,3.1,4.9,1.267361111,8.6,468,435,0.5,132,104
S12,Nocturne,83,54,0.04,41,42,0.49,3.1,5.5,1.322222222,5.8,281,343,5.1,169,187
S12,Miss Fortune,87,48,0.04,44,43,0.51,3.7,6.5,1.316666667,8.8,601,427,0.4,-4,39
S12,Yone,64,63,0.03,34,30,0.53,2.7,5.5,1.280555556,8.9,427,427,0.9,105,215
S12,Talon,46,69,0.03,23,23,0.5,2.9,4.1,1.325,6.9,419,391,1.3,-213,69
S12,Nami,91,23,0.03,47,44,0.52,4.6,7.3,1.334722222,0.5,188,249,-11.8,-31,128
S12,Urgot,56,58,0.03,23,33,0.41,2.2,6.2,1.329861111,8.2,392,396,-0.1,-85,-41
S12,Pyke,60,54,0.03,32,28,0.53,2.5,6.3,1.375,1.6,188,299,4.4,406,-47
S12,Wukong,67,39,0.03,28,39,0.42,2.1,8.6,1.352083333,7.1,347,357,-6,-392,-86
S12,Xerath,48,51,0.03,17,31,0.35,4.1,6.5,1.397222222,7.8,767,390,-4.7,31,0
S12,Blitzcrank,61,32,0.02,34,27,0.56,2.5,7.5,1.320833333,1.1,169,239,1.6,-5,-36
S12,Rumble,45,48,0.02,24,21,0.53,3.3,5.9,1.326388889,6.6,579,370,6.4,427,341
S12,Udyr,67,24,0.02,25,42,0.37,2.3,5.4,1.288194444,6.4,214,345,16.2,198,403
S12,Draven,35,53,0.02,18,17,0.51,3.7,5.2,1.398611111,8.5,575,472,9.2,737,233
S12,Lissandra,47,39,0.02,28,19,0.6,3.2,8.3,1.361111111,7.8,421,366,3.8,29,-29
S12,Darius,27,50,0.02,14,13,0.52,2.6,7.5,1.365277778,7.7,393,402,7.7,532,54
S12,Kassadin,23,54,0.02,12,11,0.52,4.6,5.6,1.363888889,8.8,587,425,-2.7,-144,67
S12,Qiyana,33,42,0.02,13,20,0.39,2.7,3.6,1.396527778,6.5,444,371,-0.8,-54,62
S12,Janna,35,39,0.02,15,20,0.43,3.7,6,1.434722222,0.7,82,230,-35.8,-858,-1117
S12,Kalista,29,45,0.02,17,12,0.59,4.7,4.8,1.383333333,9.1,428,448,8.8,380,257
S12,Vayne,51,22,0.02,22,29,0.43,2.6,8.4,1.278472222,8.5,482,423,1.2,-127,-15
S12,Ashe,51,16,0.02,22,29,0.43,4.2,6.6,1.339583333,8.4,479,403,-1.9,-39,-39
S12,Cassiopeia,36,28,0.02,15,21,0.42,3,4.7,1.375,8.5,515,408,4.5,-101,-78
S12,Evelynn,12,52,0.02,9,3,0.75,4,2.8,1.184027778,5.9,519,375,2.5,139,459
S12,Soraka,39,25,0.02,18,21,0.46,3.7,4.6,1.229166667,3.7,170,277,-19.4,-627,-169
S12,Shen,36,21,0.02,15,21,0.42,3.6,7.5,1.318055556,5.4,286,317,-15.8,-670,-244
S12,Twitch,36,19,0.01,20,16,0.56,3.7,3.9,1.382638889,8.1,624,432,-12.8,-595,-103
S12,Riven,23,31,0.01,6,17,0.26,1.7,3.8,1.340972222,8.2,330,394,-7.9,-393,-431
S12,KhaZix,18,35,0.01,12,6,0.67,4,3.9,1.325,6,458,386,1.8,3,127
S12,Zed,29,21,0.01,19,10,0.66,3.8,7.2,1.39375,7.1,450,399,2.3,186,303
S12,Ekko,13,37,0.01,6,7,0.46,2.7,4.9,1.178472222,8.2,501,433,6.8,795,392
S12,Sejuani,37,6,0.01,13,24,0.35,2.4,4,1.259722222,5.7,306,329,-5.2,-202,-111
S12,Dr. Mundo,25,17,0.01,13,12,0.52,2.7,8.6,1.396527778,7.5,555,363,-2.8,-153,-35
S12,Bard,29,9,0.01,16,13,0.55,3.4,7.1,1.382638889,1,197,244,-18.2,-253,-394
S12,Kindred,23,14,0.01,13,10,0.57,3.5,7.6,1.242361111,7,458,404,11,731,595
S12,Vladimir,23,9,0.01,11,12,0.48,3.1,8.2,1.445833333,8.1,609,397,10.4,324,423
S12,Ivern,19,13,0.01,11,8,0.58,3.8,4.6,1.210416667,5.1,191,302,-20.4,-924,-461
S12,VelKoz,14,16,0.01,11,3,0.79,6,5.3,1.373611111,7.9,691,412,5.6,219,54
S12,Morgana,22,7,0.01,12,10,0.55,4.1,6.9,1.310416667,0.7,258,256,-11.3,404,200
S12,Annie,7,21,0.01,3,4,0.43,3.1,3.5,1.334027778,7.2,506,366,11.2,-86,-483
S12,Nasus,18,10,0.01,8,10,0.44,1.9,8.6,1.253472222,5.1,421,330,-18.7,-998,-428
S12,Lillia,16,12,0.01,9,7,0.56,3.5,6.7,1.331944444,6.7,438,374,13.5,549,251
S12,Sona,21,6,0.01,11,10,0.52,4.3,7.2,1.254861111,1.1,156,247,-6.6,-21,243
S12,Chogath,20,6,0.01,10,10,0.5,2.1,7.8,1.340277778,7.4,382,364,-5.9,-355,-212
S12,Mordekaiser,19,6,0.01,8,11,0.42,1.8,7.2,1.341666667,7.7,456,376,-2.2,26,-16
S12,Taric,17,4,0.01,7,10,0.41,2.9,8,1.325,1.2,74,231,0.6,-95,-24
S12,Shyvana,17,3,0.01,6,11,0.35,2.8,4.3,1.396527778,7.6,506,387,12.2,211,551
S12,Malzahar,14,5,0.01,8,6,0.57,3.3,8.2,1.280555556,7.8,413,379,-7.1,-219,324
S12,Kled,4,15,0.01,4,0,1,5.4,3.8,1.488888889,7.8,503,436,-9,104,90
S12,KogMaw,14,3,0,6,8,0.43,2.5,9.7,1.229861111,8.5,566,399,3.7,-7,-5
S12,Sivir,15,2,0,8,7,0.53,3.1,9.5,1.290277778,9.6,462,417,3.6,-184,60
S12,Kayn,15,1,0,5,10,0.33,2.5,8,1.301388889,6.5,486,396,-0.5,-40,-214
S12,Zac,10,4,0,5,5,0.5,3.6,8.8,1.281944444,3.8,286,305,-9.5,-291,-281
S12,Heimerdinger,3,8,0,1,2,0.33,1.4,2.9,1.340972222,7.8,488,363,3,-86,556
S12,Rengar,4,7,0,3,1,0.75,4.4,2,1.2375,7.3,589,436,19,1260,826
S12,Taliyah,6,5,0,1,5,0.17,2.3,2.4,1.427083333,4.4,426,326,-5.3,622,44
S12,Maokai,8,2,0,4,4,0.5,2.6,8,1.302083333,1.8,288,245,-4.6,-400,-475
S12,Singed,6,3,0,5,1,0.83,2.8,9.7,1.4,6.1,342,345,-13.3,-236,-278
S12,Skarner,6,3,0,2,4,0.33,3.2,9,1.450694444,4.9,165,306,0.4,71,-222
S12,Anivia,5,2,0,3,2,0.6,3.1,5.5,1.268055556,8.9,488,391,17.4,415,468
S12,Shaco,6,1,0,3,3,0.5,4,9,1.279166667,5.1,310,348,-5.5,319,-142
S12,Pantheon,2,4,0,2,0,1,2.7,1.3,1.311111111,5,370,337,3,592,158
S12,Yorick,5,1,0,3,2,0.6,2.7,10,1.099305556,9.1,457,439,6.8,506,127
S12,Fiddlesticks,0,5,0,,,,,2.8,0,,,,,,
S12,Vi,5,0,0,2,3,0.4,1.7,-,1.440972222,5.5,259,330,-16.8,-1442,-1136
S12,Amumu,1,3,0,0,1,0,1.8,7,1.251388889,1.4,174,225,-,-,-
S12,Kayle,2,2,0,1,1,0.5,2.4,7,1.257638889,8.7,634,420,-15,135,-721
S12,Nunu,1,2,0,1,0,1,7,4,1.255555556,5.3,313,357,0,574,-203
S12,Teemo,3,0,0,1,2,0.33,2.5,-,1.269444444,7.1,825,433,15.7,1381,1193
S12,Aurelion Sol,2,1,0,1,1,0.5,8,1,1.442361111,8.7,601,433,-20.5,-556,-442
S12,Neeko,0,3,0,,,,,1.3,0,,,,,,
S12,Fizz,2,0,0,0,2,0,1.9,-,1.343055556,6.3,265,359,-18,-1124,-696
S12,Zyra,2,0,0,0,2,0,1.8,-,1.554861111,0.9,329,223,-13,-15,600
S12,Illaoi,0,2,0,,,,,4,0,,,,,,
S12,Elise,1,0,0,0,1,0,0.8,-,1.745833333,4.1,243,272,-2,195,-359
S12,Master Yi,1,0,0,0,1,0,1.2,-,1.069444444,4.1,291,312,-46,-2238,-1879
S12,Quinn,0,1,0,,,,,8,0,,,,,,
S12,Warwick,1,0,0,1,0,1,2.4,-,1.093055556,5.6,553,405,23,1880,1078
S12,Brand,0,0,0,,,,,-,0,,,,,,
S12,Garen,0,0,0,,,,,-,0,,,,,,
S12,Katarina,0,0,0,,,,,-,0,,,,,,
S12,Rammus,0,0,0,,,,,-,0,,,,,,
S12,Swain,0,0,0,,,,,-,0,,,,,,
S11,Thresh,1804,3336,0.69,921,883,0.51,3.3,4.3,1.335416667,1.1,112,233,2.1,38,13
S11,Renekton,1872,2848,0.63,956,916,0.51,2.8,4.8,1.326388889,8,376,385,7.3,321,152
S11,Kaisa,2602,1135,0.5,1327,1275,0.51,4.1,5.5,1.320833333,9.2,464,440,1.6,-43,19
S11,Leona,2354,1080,0.46,1200,1154,0.51,2.6,8,1.324305556,1.2,121,233,1.4,-25,-61
S11,Gnar,1837,1422,0.44,964,873,0.52,3,6.6,1.346527778,7.8,466,380,4.8,154,150
S11,Camille,1133,2070,0.43,618,515,0.55,2.7,5.4,1.310416667,7.6,446,393,-2.9,-15,-34
S11,Lee Sin,1763,1405,0.43,955,808,0.54,3.7,4.3,1.322222222,6.4,351,364,-3.1,-17,-76
S11,Xin Zhao,1198,1886,0.41,620,578,0.52,2.9,4.2,1.325694444,5.6,372,343,-1.9,-103,-85
S11,Lucian,1029,2010,0.41,494,535,0.48,3.1,5.2,1.327083333,8.9,518,420,7,304,41
S11,Orianna,1691,1224,0.39,863,828,0.51,4.3,7.5,1.35,8.7,479,395,4.2,-1,61
S11,Udyr,1348,1533,0.39,658,690,0.49,3.8,4.2,1.324305556,6.3,212,344,6.4,190,278
S11,Viego,1423,1424,0.38,739,684,0.52,3.6,4.2,1.334027778,6.7,361,375,0.3,77,13
S11,Rell,1537,1167,0.36,797,740,0.52,2.5,5.5,1.321527778,1.1,151,232,0.9,-80,-63
S11,Alistar,1771,918,0.36,904,867,0.51,3,7.5,1.322222222,1.1,144,232,-0.6,-60,-40
S11,Olaf,1098,1496,0.35,553,545,0.5,3.1,4.5,1.325694444,6,368,350,0.4,-14,-13
S11,Seraphine,641,1952,0.35,333,308,0.52,4.6,3.9,1.30625,5.6,329,326,-8.7,-265,-133
S11,Tristana,1380,1197,0.35,705,675,0.51,3.7,5.3,1.296527778,9.2,485,441,-1.1,239,106
S11,Varus,1258,1296,0.34,638,620,0.51,3.8,5.5,1.347222222,8.6,612,407,4,115,34
S11,Syndra,1291,1158,0.33,581,710,0.45,3,6.6,1.366666667,8.4,506,383,3.7,5,-50
S11,Nautilus,1567,869,0.33,729,838,0.47,2.4,8.2,1.319444444,1.2,152,231,0.7,-79,-50
S11,Gwen,781,1611,0.32,407,374,0.52,2.8,4.3,1.316666667,7.7,472,390,0.2,-74,-51
S11,Sett,1325,1036,0.32,651,674,0.49,2.3,6.2,1.314583333,5.7,358,333,-4.8,-106,-123
S11,Jayce,1020,1336,0.32,529,491,0.52,2.6,6.8,1.322222222,8.4,628,405,10.1,291,2
S11,Aphelios,1483,873,0.32,789,694,0.53,3.6,5.4,1.331944444,9.3,516,434,3.9,267,24
S11,Ezreal,1497,818,0.31,781,716,0.52,4.4,6.2,1.332638889,8.9,677,414,-2.6,-252,-7
S11,LeBlanc,786,1491,0.31,397,389,0.51,4.5,4.7,1.332638889,7.8,567,387,2.9,151,220
S11,Lillia,1125,1067,0.29,538,587,0.48,3.4,4.5,1.340972222,6.4,397,347,3.3,39,108
S11,Nocturne,668,1495,0.29,351,317,0.53,3,4.3,1.31875,7,356,368,-1.3,18,-36
S11,Akali,709,1451,0.29,372,337,0.52,3.4,4.5,1.325694444,7.6,492,386,-3.9,-111,26
S11,Twisted Fate,684,1419,0.28,382,302,0.56,4.1,5.1,1.324305556,7.8,428,406,-7.7,307,-134
S11,Hecarim,1107,973,0.28,555,552,0.5,3.7,4.6,1.332638889,5.9,298,341,-3.7,-52,-124
S11,Gragas,1235,707,0.26,634,601,0.51,2.9,6.3,1.330555556,4.8,345,304,-7.2,-264,-121
S11,Azir,1051,842,0.25,524,527,0.5,3.4,6.3,1.334027778,8.9,540,403,3.3,33,147
S11,Irelia,521,1354,0.25,261,260,0.5,2.3,5.1,1.307638889,8.7,420,416,13.2,326,28
S11,Ryze,1019,797,0.24,482,537,0.47,3.2,6.3,1.314583333,9.2,461,420,7.4,160,142
S11,Galio,948,809,0.24,479,469,0.51,3.5,6.4,1.314583333,3.8,275,287,-5.5,-189,-65
S11,Braum,1021,730,0.24,492,529,0.48,3.4,8.2,1.331944444,1.1,163,230,1.3,-72,-14
S11,Sylas,871,877,0.23,450,421,0.52,3.2,7.4,1.294444444,7.6,465,386,-8.6,-257,-125
S11,Senna,628,1096,0.23,327,301,0.52,4.5,4.2,1.327777778,3.2,486,332,-6.4,497,326
S11,Karma,701,976,0.23,299,402,0.43,3.7,4.9,1.333333333,4.2,274,287,-8.6,-293,-106
S11,Rakan,1075,582,0.22,586,489,0.55,3.9,7.8,1.332638889,1.2,150,239,-1.1,-18,-33
S11,Zoe,674,962,0.22,328,346,0.49,4.5,5.3,1.34375,7.9,545,375,-0.1,85,-4
S11,Kalista,669,960,0.22,338,331,0.51,3.7,5.3,1.315277778,9.3,404,430,11.3,416,248
S11,Diana,895,719,0.22,453,442,0.51,2.9,5,1.308333333,6.6,421,371,9.4,209,327
S11,Nidalee,716,871,0.21,364,352,0.51,4.1,4.4,1.330555556,6.5,419,364,4.2,176,189
S11,Ziggs,578,992,0.21,282,296,0.49,3.8,4.2,1.363888889,8.7,686,406,-5.4,-57,-107
S11,Volibear,1018,492,0.2,436,582,0.43,2.8,6.7,1.316666667,5.6,311,328,-7.6,-259,-330
S11,Graves,902,594,0.2,432,470,0.48,3.4,4.8,1.334027778,7.3,407,384,6,141,187
S11,Viktor,938,496,0.19,460,478,0.49,3.6,7.7,1.364583333,8.7,634,397,0,-184,14
S11,Xayah,989,438,0.19,493,496,0.5,3.8,7.4,1.34375,9.4,524,434,-0.2,63,24
S11,Rumble,797,467,0.17,397,400,0.5,3.7,5,1.333333333,6.2,481,356,2,141,93
S11,Lulu,514,724,0.17,229,285,0.45,4.4,4.8,1.309027778,3.5,193,275,-7.7,-313,-111
S11,Tahm Kench,697,532,0.17,353,344,0.51,3.1,6.1,1.324305556,4,206,282,-7.8,-257,-109
S11,Aatrox,695,512,0.16,339,356,0.49,2.9,7.8,1.325694444,7.6,458,376,1.9,25,114
S11,Gangplank,575,564,0.15,264,311,0.46,2.9,7.4,1.374305556,8.1,599,420,2.9,294,-46
S11,Jinx,722,288,0.14,342,380,0.47,3.8,6.1,1.304166667,9.6,554,441,4.1,158,-76
S11,Taliyah,337,672,0.14,190,147,0.56,3.5,4.2,1.318055556,6.7,433,370,5.2,241,353
S11,Ornn,615,357,0.13,290,325,0.47,3.1,7.6,1.331944444,6.7,361,330,-12.2,-548,-179
S11,Pantheon,209,743,0.13,107,102,0.51,2.8,4.1,1.308333333,5.4,355,338,-5.7,21,-259
S11,Sion,624,305,0.12,285,339,0.46,2.8,7.5,1.333333333,6.9,359,335,-11.6,-487,-121
S11,Samira,466,450,0.12,226,240,0.48,3.4,5.5,1.311805556,8.8,406,425,0.5,51,16
S11,Trundle,550,327,0.12,275,275,0.5,3.7,5.9,1.340972222,4.4,244,312,-8.7,-240,-327
S11,Jhin,703,167,0.12,314,389,0.45,4.7,7.4,1.340972222,8.6,449,406,-3.8,-247,-50
S11,Yone,321,483,0.11,139,182,0.43,2.7,7,1.266666667,8.5,440,403,-3,-121,-15
S11,Wukong,404,324,0.1,205,199,0.51,2.7,8.4,1.322222222,7,388,371,-10.4,-330,-198
S11,Kennen,368,355,0.1,195,173,0.53,2.6,7.3,1.35,7.4,516,375,0.6,-6,26
S11,Miss Fortune,419,197,0.08,209,210,0.5,3.7,6.7,1.348611111,9.1,504,427,2.4,62,10
S11,Ashe,408,188,0.08,178,230,0.44,3.6,7.8,1.3375,8.5,460,393,-1.3,-179,-3
S11,Dr. Mundo,406,161,0.08,181,225,0.45,3.1,7.4,1.311111111,7,493,358,-1.5,-106,-40
S11,Malphite,228,325,0.07,111,117,0.49,3,8.3,1.307638889,6.3,376,329,-18.7,-609,-230
S11,Jarvan IV,329,209,0.07,152,177,0.46,3.3,6.5,1.336805556,4.9,281,323,-8.7,-257,-351
S11,Skarner,212,214,0.06,110,102,0.52,3.5,4.6,1.35,5.2,170,312,-11.1,-511,-583
S11,Jax,180,192,0.05,91,89,0.51,2.2,8,1.295833333,7.8,422,401,-1.3,36,-42
S11,Kindred,198,171,0.05,88,110,0.44,2.8,6.1,1.314583333,6.9,411,380,1.7,1,7
S11,Vayne,243,116,0.05,115,128,0.47,3.1,7.8,1.306944444,8.5,470,421,-2,-154,-22
S11,Caitlyn,180,178,0.05,82,98,0.46,3.4,4.6,1.329861111,8.9,564,433,8.5,348,-41
S11,KogMaw,187,162,0.05,72,115,0.39,3,7,1.334027778,9,615,413,-0.3,-214,-164
S11,Yuumi,105,239,0.05,49,56,0.47,5.6,4.5,1.302083333,0.3,332,242,-13.9,21,168
S11,Karthus,141,196,0.05,69,72,0.49,3,4.3,1.301388889,7.4,702,396,11.4,237,459
S11,Draven,129,204,0.04,70,59,0.54,3.8,5.6,1.299305556,8.8,519,462,6.7,440,29
S11,Yasuo,150,163,0.04,74,76,0.49,2.7,6.7,1.296527778,8.5,365,413,0.7,35,-55
S11,Fiora,139,172,0.04,57,82,0.41,2.2,5.7,1.315972222,8.2,459,405,7.2,307,113
S11,Corki,172,116,0.04,91,81,0.53,4,7.2,1.333333333,9.3,669,430,-0.9,-21,-138
S11,Shen,146,130,0.04,65,81,0.45,3.3,7.1,1.319444444,5.4,259,312,-12.6,-661,-96
S11,Morgana,148,126,0.04,58,90,0.39,3.1,6.3,1.29375,3.3,295,285,-5.5,40,88
S11,Ekko,141,119,0.03,73,68,0.52,3.2,6.1,1.329861111,8,420,396,-7.1,-149,22
S11,Urgot,131,114,0.03,53,78,0.4,2.6,6.1,1.310416667,7.8,414,397,-6.3,-95,-140
S11,Cassiopeia,138,101,0.03,55,83,0.4,2.7,8,1.306944444,8.6,477,402,2,-142,-62
S11,Bard,149,76,0.03,88,61,0.59,4.5,7.1,1.327777778,1.2,215,246,-4.5,-53,174
S11,Lissandra,140,79,0.03,79,61,0.56,3.4,7.6,1.328472222,7.8,445,371,-2.1,-88,-199
S11,Sejuani,150,54,0.03,57,93,0.38,3.1,7.2,1.31875,5.3,294,318,-11,-476,-387
S11,Sivir,140,54,0.03,63,77,0.45,4.1,7.9,1.375694444,9.7,550,432,0.6,-88,6
S11,Kassadin,71,108,0.02,39,32,0.55,4.2,6.4,1.28125,8.5,570,423,-2,-65,29
S11,Chogath,133,44,0.02,66,67,0.5,2.4,8.6,1.338194444,7.1,378,358,-5.6,-305,-188
S11,Qiyana,88,79,0.02,40,48,0.45,2.5,6,1.277083333,6.5,430,363,-8.5,-175,-256
S11,Blitzcrank,99,66,0.02,50,49,0.51,2.6,8.3,1.327777778,1.1,173,236,1,-107,-147
S11,KhaZix,83,76,0.02,50,33,0.6,3.8,5.8,1.334027778,6.2,415,368,-0.8,-35,-89
S11,Maokai,103,42,0.02,60,43,0.58,2.8,7.7,1.367361111,2.1,432,249,-2.7,-151,-137
S11,Talon,52,93,0.02,31,21,0.6,3.1,3.8,1.256944444,6.6,432,392,5.1,266,264
S11,Kayn,98,42,0.02,46,52,0.47,2.5,6.5,1.291666667,6.7,375,368,0.3,84,47
S11,RekSai,65,74,0.02,36,29,0.55,2.5,4.3,1.353472222,5.4,316,344,-6.9,-43,-178
S11,Poppy,83,53,0.02,42,41,0.51,2.6,7,1.328472222,4.9,288,307,-9.3,-337,-270
S11,Darius,52,83,0.02,28,24,0.54,3.1,7,1.324305556,7.9,435,404,17.9,685,400
S11,Fiddlesticks,41,94,0.02,26,15,0.63,3.4,4.9,1.278472222,6.1,387,351,4.4,-18,217
S11,Ahri,71,59,0.02,34,37,0.48,4.2,6.3,1.368055556,8.1,487,381,-1.7,-25,102
S11,Taric,71,58,0.02,29,42,0.41,3.2,7.4,1.238194444,1.3,96,235,0.5,-95,93
S11,Zed,70,59,0.02,35,35,0.5,3.2,5.5,1.256944444,7.2,542,407,2.1,349,245
S11,Zilean,63,63,0.02,31,32,0.49,5,6.9,1.329861111,3.9,287,291,-4.2,-51,332
S11,Mordekaiser,85,32,0.02,48,37,0.56,2.3,8.8,1.339583333,7.5,489,379,2.9,79,174
S11,Ivern,35,79,0.02,16,19,0.46,3.4,3.1,1.341666667,4.8,181,292,-19.7,-712,-768
S11,Pyke,63,49,0.02,37,26,0.59,2.5,6.8,1.308333333,1.5,199,303,0.5,431,-168
S11,Heimerdinger,39,72,0.01,22,17,0.56,2.9,3.1,1.366666667,7.5,588,379,0,75,78
S11,Zac,64,47,0.01,33,31,0.52,4,6.6,1.318055556,5.3,290,324,-9.8,-438,-132
S11,Nami,72,36,0.01,30,42,0.42,3.5,5,1.286805556,0.5,182,240,-10.3,-124,-91
S11,Evelynn,28,79,0.01,17,11,0.61,4.2,3.8,1.2875,5.9,542,378,2.5,669,717
S11,Vex,44,60,0.01,23,21,0.52,3.6,5.2,1.255555556,7.3,595,381,-6.7,-92,-138
S11,Elise,39,60,0.01,17,22,0.44,2.3,5.8,1.313888889,5,343,323,-13.3,-275,-491
S11,Anivia,37,61,0.01,11,26,0.3,2,5.8,1.279861111,8.1,387,372,-2.9,-175,-100
S11,Tryndamere,33,55,0.01,17,16,0.52,3.5,5.9,1.36875,9.1,425,451,5.2,521,284
S11,Riven,30,51,0.01,17,13,0.57,2.7,5.8,1.281944444,7.8,394,404,-6.5,-187,-355
S11,Vladimir,48,30,0.01,21,27,0.44,3,7,1.315972222,8.1,515,384,-0.1,-6,-17
S11,Amumu,37,40,0.01,18,19,0.49,1.9,5.8,1.28125,1.2,179,240,-0.1,46,108
S11,Xerath,39,28,0.01,19,20,0.49,4.9,6.5,1.454861111,8.1,758,384,-1.1,-96,74
S11,Kled,43,19,0.01,18,25,0.42,2.5,6.9,1.336805556,7.4,373,366,-8.3,-392,-397
S11,Quinn,25,35,0.01,13,12,0.52,2.9,7.3,1.335416667,8.4,627,423,8.1,578,-27
S11,Malzahar,38,21,0.01,22,16,0.58,3.3,7.5,1.357638889,8,547,390,-7.7,-363,-15
S11,Kayle,22,34,0.01,9,13,0.41,2.3,4.1,1.322222222,9.1,419,413,1,-302,-103
S11,Lux,38,15,0.01,19,19,0.5,3.9,6.1,1.340972222,3.7,470,301,-3.3,98,184
S11,Annie,18,27,0.01,11,7,0.61,4.9,5.7,1.305555556,6.7,466,366,-1.6,4,-26
S11,Katarina,9,36,0.01,2,7,0.22,2.6,4.1,1.356944444,6.8,456,368,-20,-45,-108
S11,VelKoz,29,16,0.01,13,16,0.45,4.2,7.4,1.425,8.1,596,378,1.3,148,160
S11,Neeko,37,8,0.01,14,23,0.38,2,8.4,1.354861111,5.1,386,309,-5.7,-186,-160
S11,Veigar,27,12,0.01,8,19,0.3,2.7,6.8,1.293055556,7.5,359,369,-6.2,29,-96
S11,Aurelion Sol,10,26,0,8,2,0.8,4.2,3.7,1.456944444,7.3,507,376,-2.3,-204,-5
S11,Nasus,26,9,0,12,14,0.46,2.4,4.1,1.272222222,7.4,504,385,-7.5,-458,-132
S11,Janna,25,9,0,9,16,0.36,2.4,7.6,1.322916667,0.7,149,233,-12.2,-47,23
S11,Nunu,8,26,0,1,7,0.13,1.8,3.2,1.307638889,4.7,295,284,-10.4,-613,-215
S11,Twitch,27,6,0,13,14,0.48,3.3,5.7,1.275694444,8.1,626,422,-2.3,171,30
S11,Swain,20,11,0,12,8,0.6,4.8,7.8,1.383333333,7.2,657,382,-3.8,-112,288
S11,Shaco,10,19,0,7,3,0.7,5.7,4.2,1.363194444,5.2,330,333,-13.8,-203,-416
S11,Soraka,18,11,0,10,8,0.56,4,6.8,1.332638889,3.5,203,267,-18,-530,-127
S11,Akshan,3,20,0,1,2,0.33,3,4.4,1.154166667,7.2,437,417,10,987,1038
S11,Fizz,11,9,0,6,5,0.55,3.5,5.8,1.256944444,7.1,485,388,-6.4,280,148
S11,Garen,15,5,0,9,6,0.6,3.8,5.2,1.282638889,6.2,482,392,-5.4,-346,-253
S11,Shyvana,13,3,0,5,8,0.38,2.5,7.7,1.272916667,6.3,496,351,0.5,-207,-234
S11,Yorick,6,10,0,0,6,0,0.9,5.2,1.345138889,8.4,424,385,-5.2,-329,-68
S11,Illaoi,4,12,0,0,4,0,0.4,3.9,1.167361111,7.9,448,363,11.8,-690,220
S11,Rengar,6,7,0,1,5,0.17,1.7,4.4,1.28125,5.9,330,338,0.2,289,-202
S11,Brand,7,5,0,5,2,0.71,2.6,5.4,1.250694444,5,517,346,-23.8,78,-253
S11,Zyra,4,4,0,1,3,0.25,1.3,3.8,1.498611111,0.9,501,253,-16,-168,-339
S11,Teemo,3,4,0,3,0,1,3.4,5.5,1.209027778,8.1,577,432,27.7,1112,758
S11,Vi,6,1,0,3,3,0.5,5.7,8,1.357638889,5.5,230,327,-16.2,-163,-684
S11,Singed,3,0,0,2,1,0.67,4.7,-,1.209722222,6.5,463,373,-25.3,-3,557
S11,Warwick,1,2,0,0,1,0,0.6,5.5,1.006944444,3.8,369,270,-9,-1629,-512
S11,Master Yi,0,2,0,,,,,6,0,,,,,,
S11,Rammus,1,1,0,0,1,0,0.4,6,0.759027778,4,140,259,-47,-2342,-2862
S11,Sona,0,1,0,,,,,8,0,,,,,,
S11,Zeri,0,0,0,,,,,-,0,,,,,,
S11,Renata Glasc,0,0,0,,,,,-,0,,,,,,
S10,Sett,1907,2376,0.72,976,931,0.51,2.6,4.2,1.363888889,5.6,330,329,-1.6,7,-108
S10,Aphelios,2000,1843,0.64,1103,897,0.55,4,4.1,1.378472222,9.4,547,433,1.5,192,26
S10,Ornn,1909,1892,0.64,957,952,0.5,3.2,5.5,1.377777778,6.8,359,335,-8.1,-400,-97
S10,Syndra,1249,2318,0.6,654,595,0.52,3.5,4.6,1.389583333,8.6,537,392,8.2,163,80
S10,Thresh,1706,1673,0.56,883,823,0.52,3.4,6,1.378472222,1.1,122,232,0.7,48,-43
S10,Nautilus,2072,925,0.5,1005,1067,0.49,2.3,7.7,1.3625,1.3,148,232,-0.4,-61,-103
S10,Senna,1197,1721,0.49,595,602,0.5,4.9,4.1,1.36875,5,435,338,-6.4,23,92
S10,Kalista,939,1842,0.46,495,444,0.53,3.9,3.9,1.332638889,9.4,428,434,10.1,431,186
S10,LeBlanc,752,1985,0.46,400,352,0.53,4.6,6,1.403472222,7.8,530,382,0.4,26,126
S10,Zoe,1094,1564,0.44,561,533,0.51,4.5,5.3,1.375,7.9,569,374,0.3,47,-4
S10,Renekton,1314,1251,0.43,698,616,0.53,2.6,6.2,1.366666667,7.9,363,385,10.1,436,260
S10,Lee Sin,1607,915,0.42,777,830,0.48,3.1,6,1.370833333,5.1,233,321,-4.4,-48,-155
S10,Varus,994,1517,0.42,507,487,0.51,3.6,3.8,1.375,9,571,417,7.1,224,84
S10,Ezreal,1682,784,0.41,831,851,0.49,3.9,5.2,1.368055556,9,640,416,-1.9,-263,-58
S10,Azir,1174,1034,0.37,540,634,0.46,3,6.4,1.370138889,9.1,520,409,4.6,55,107
S10,Trundle,1308,881,0.37,649,659,0.5,4,5.2,1.365277778,4.7,176,306,-7.2,-206,-391
S10,Olaf,772,1239,0.34,376,396,0.49,2.8,5.6,1.370138889,5.6,296,332,7.6,176,266
S10,Graves,1045,955,0.33,520,525,0.5,3.8,4.8,1.359027778,6.7,369,366,9.2,206,371
S10,Jarvan IV,1053,892,0.33,504,549,0.48,3.4,5.6,1.375694444,4.7,179,303,-4.4,-193,-285
S10,Miss Fortune,1460,437,0.32,733,727,0.5,4.2,5.7,1.374305556,9.7,508,434,3,40,72
S10,Volibear,932,895,0.31,477,455,0.51,3.2,4.5,1.368055556,5.7,284,331,-3.2,-88,-136
S10,Aatrox,1219,558,0.3,590,629,0.48,2.6,7.5,1.375,7.7,384,372,3.6,56,171
S10,Lucian,552,1194,0.29,255,297,0.46,3,4.7,1.357638889,9,518,420,9.9,397,82
S10,Orianna,1049,694,0.29,533,516,0.51,4.4,6.8,1.379861111,8.8,497,401,4.7,-68,66
S10,Karma,743,977,0.29,331,412,0.45,3.7,4.5,1.344444444,3.5,265,274,-3.8,-125,-120
S10,Braum,1210,477,0.28,580,630,0.48,3.4,8.3,1.377777778,1,138,225,1.1,-67,-14
S10,Gangplank,784,870,0.28,394,390,0.5,3.4,6.6,1.406944444,8.3,585,423,-0.3,228,-93
S10,Ashe,1187,465,0.28,574,613,0.48,3.7,5,1.35625,8.9,478,409,0.4,-55,-7
S10,Nidalee,603,974,0.26,349,254,0.58,3.9,4.5,1.323611111,6.6,393,368,11.9,388,616
S10,Mordekaiser,765,783,0.26,375,390,0.49,2.1,7.2,1.367361111,7.6,456,374,-3.9,-219,8
S10,Elise,548,984,0.26,261,287,0.48,2.9,4.6,1.374305556,5.1,317,320,-5.5,-63,-158
S10,Leona,1023,502,0.25,507,516,0.5,2.4,8.1,1.359027778,1.1,120,230,0.5,17,-85
S10,Akali,448,1067,0.25,241,207,0.54,3.3,4.2,1.347916667,8,461,391,-1.1,-12,27
S10,Tahm Kench,923,590,0.25,466,457,0.5,3,7.2,1.379861111,1.9,137,242,-1.8,-96,-38
S10,Twisted Fate,460,1023,0.25,267,193,0.58,4.5,4.4,1.340277778,8.4,431,425,-5.5,426,-6
S10,Yuumi,525,947,0.25,252,273,0.48,6.1,5,1.359027778,0.5,265,225,-8.7,-290,88
S10,Pantheon,512,956,0.25,255,257,0.5,2.5,4.7,1.356944444,4.7,305,315,-4.5,84,-160
S10,Gragas,746,639,0.23,389,357,0.52,3.3,5.6,1.401388889,4.9,329,308,-3.2,-121,-80
S10,Wukong,641,722,0.23,336,305,0.52,2.8,6.3,1.332638889,7.4,367,379,-5.6,-101,-102
S10,Bard,729,607,0.22,419,310,0.57,4.7,6.6,1.363888889,1.3,189,241,1.2,-28,199
S10,Camille,604,722,0.22,330,274,0.55,2.7,6.8,1.329861111,8,429,405,-1.1,77,-74
S10,RekSai,664,557,0.2,338,326,0.51,2.9,6.3,1.367361111,5.3,253,329,2.7,165,169
S10,Galio,576,610,0.2,296,280,0.51,3.7,5.7,1.327083333,6.8,363,350,-11.7,-386,-187
S10,Cassiopeia,476,630,0.18,255,221,0.54,3.3,5.8,1.363888889,8.6,461,404,4,-44,-79
S10,Sylas,631,434,0.18,296,335,0.47,2.8,7.6,1.350694444,7.3,448,371,-6.2,-167,-69
S10,Rumble,429,614,0.17,194,235,0.45,3.2,5.1,1.388194444,6.8,525,350,-6.5,-186,-154
S10,Caitlyn,375,645,0.17,202,173,0.54,4.1,4.4,1.376388889,9.4,559,440,6.4,389,48
S10,Sejuani,584,327,0.15,277,307,0.47,3.5,6.5,1.375,5,224,307,-3.3,-173,-157
S10,Irelia,295,612,0.15,139,156,0.47,2.2,6,1.354861111,8.7,378,408,12.8,307,14
S10,Jayce,476,422,0.15,223,253,0.47,2.6,7.1,1.345138889,8.4,611,402,8,348,-51
S10,Rakan,588,238,0.14,312,276,0.53,4.1,7.1,1.378472222,1.2,140,234,0.8,-22,-84
S10,Ekko,418,320,0.12,209,209,0.5,3.5,6.7,1.345138889,7.7,417,388,-1.6,69,263
S10,Taric,450,257,0.12,219,231,0.49,3.5,6.9,1.327083333,1.2,95,232,-0.9,-161,15
S10,Corki,451,251,0.12,213,238,0.47,4,7.5,1.39375,9.5,628,433,2.3,161,43
S10,Karthus,221,466,0.11,111,110,0.5,3.1,4.6,1.384027778,7.2,632,383,20.5,539,1010
S10,Qiyana,239,387,0.1,134,105,0.56,3.3,5.3,1.3625,6.9,421,371,-8.9,-62,-198
S10,Kassadin,214,352,0.09,104,110,0.49,4.3,7.8,1.261805556,8.8,503,420,-5.6,-372,-46
S10,Morgana,266,294,0.09,153,113,0.58,3.9,7.7,1.389583333,1.6,209,249,-5.3,24,-10
S10,Kennen,333,217,0.09,162,171,0.49,2.2,7.9,1.379861111,7.7,469,369,4.2,95,20
S10,Xayah,360,173,0.09,156,204,0.43,3.4,5.5,1.394444444,9.5,475,427,-1,-55,21
S10,Shen,265,266,0.09,135,130,0.51,3.6,5.6,1.352777778,5.9,298,330,-7.2,-409,-65
S10,Kaisa,422,101,0.09,179,243,0.42,3.6,8,1.326388889,9.2,477,431,0.1,-94,-8
S10,Lillia,261,259,0.09,121,140,0.46,3.5,4.8,1.347916667,6.5,475,355,5.2,76,165
S10,Soraka,146,372,0.09,78,68,0.53,4.5,4.2,1.368055556,4.3,219,276,-15.3,-590,-303
S10,Blitzcrank,261,253,0.09,130,131,0.5,2.8,6.4,1.381944444,1,164,233,-1,10,-134
S10,Jhin,430,83,0.09,216,214,0.5,5.7,7,1.354861111,8.8,495,417,-1.3,-17,-3
S10,Kindred,281,220,0.08,137,144,0.49,3,6.8,1.338888889,6.2,347,354,-0.4,60,21
S10,Ryze,279,207,0.08,132,147,0.47,2.8,6.9,1.311111111,9.4,503,423,6.3,9,71
S10,Vladimir,232,233,0.08,120,112,0.52,3,6.9,1.354166667,8.4,557,394,1.3,-193,38
S10,Ziggs,241,212,0.08,110,131,0.46,3.7,4.8,1.396527778,8.8,721,400,0.6,128,77
S10,Yasuo,146,289,0.07,70,76,0.48,2.6,6,1.347222222,8.5,362,404,3.2,163,128
S10,Hecarim,189,226,0.07,98,91,0.52,3.1,4.3,1.307638889,6.4,350,367,-1.2,45,20
S10,Malphite,197,214,0.07,106,91,0.54,3.1,8.4,1.330555556,6.9,404,349,-11,-465,-87
S10,Maokai,311,94,0.07,153,158,0.49,2.7,8.1,1.355555556,6,417,315,-14.9,-536,-267
S10,Lulu,264,127,0.07,118,146,0.45,4.3,6.8,1.344444444,1.8,129,244,-1.1,-135,-41
S10,Viktor,235,103,0.06,110,125,0.47,3.3,8,1.419444444,8.8,599,396,1.3,-99,25
S10,Taliyah,141,186,0.05,66,75,0.47,3.5,5.3,1.358333333,6.7,489,362,-1.6,46,186
S10,KhaZix,156,160,0.05,83,73,0.53,3.3,5.2,1.340277778,5.7,354,341,-1.3,-132,-19
S10,Fiora,112,184,0.05,49,63,0.44,2,6.4,1.307638889,9,450,429,9,406,69
S10,Lux,172,112,0.05,87,85,0.51,3.8,5.6,1.354861111,1.9,243,255,1.5,-17,19
S10,Jax,135,143,0.05,63,72,0.47,2.2,8,1.331944444,8.1,421,406,2.7,204,105
S10,Nocturne,146,132,0.05,74,72,0.51,2.4,6.1,1.297222222,6.3,306,355,3.9,84,164
S10,Diana,129,136,0.04,58,71,0.45,2.5,6.8,1.331944444,8.1,447,388,-2.6,-78,50
S10,Sion,184,65,0.04,88,96,0.48,2.7,8.1,1.385416667,7.1,362,344,-4.8,-263,-122
S10,Tristana,123,111,0.04,56,67,0.46,2.9,6,1.365972222,8.8,443,424,-0.1,493,19
S10,Heimerdinger,41,182,0.04,21,20,0.51,3.3,2.7,1.372222222,8.2,641,388,-7,-264,-3
S10,Alistar,165,57,0.04,79,86,0.48,3,8.4,1.345138889,1,134,229,-0.9,-53,-78
S10,Gnar,163,49,0.04,71,92,0.44,2.1,7.7,1.388888889,7.7,463,370,3.8,44,-17
S10,Lissandra,126,84,0.04,72,54,0.57,3.5,8.4,1.386111111,8,443,377,0.8,60,43
S10,Kayle,118,88,0.03,62,56,0.53,3.2,8.5,1.331944444,8.9,531,424,6.8,347,199
S10,Skarner,113,88,0.03,58,55,0.51,3.6,4.8,1.310416667,5.1,171,313,-3.5,-239,-218
S10,Zilean,99,86,0.03,47,52,0.47,5.5,7.4,1.44375,5.4,325,310,-8,-167,252
S10,VelKoz,90,95,0.03,49,41,0.54,4.4,6.8,1.357638889,8.1,639,386,1.4,126,187
S10,Poppy,123,61,0.03,59,64,0.48,2.4,7.6,1.336111111,6,332,326,-9.6,-250,-163
S10,Shyvana,93,91,0.03,46,47,0.49,2.9,5.1,1.303472222,7.2,601,388,14.7,383,632
S10,Zac,108,55,0.03,57,51,0.53,3.3,6.4,1.338888889,5.2,277,309,-5.6,-184,-122
S10,Neeko,114,45,0.03,53,61,0.46,2.9,6.9,1.303472222,7.7,448,371,2.9,-5,-43
S10,Chogath,100,50,0.03,48,52,0.48,2.4,5.9,1.415972222,7.1,378,350,-0.6,-273,-144
S10,Sona,48,98,0.02,26,22,0.54,4,3.6,1.342361111,3,272,288,-64.1,-1395,-916
S10,Kled,73,73,0.02,40,33,0.55,3.5,6.1,1.322222222,7.4,365,382,-5.4,47,-123
S10,Urgot,91,51,0.02,45,46,0.49,2.8,6.5,1.323611111,7.8,386,403,-2.9,6,-125
S10,Fiddlesticks,46,94,0.02,22,24,0.48,2.5,5.6,1.3125,5.7,376,320,-1.7,-133,50
S10,Pyke,87,36,0.02,27,60,0.31,2.2,7.5,1.35625,1.6,174,287,0.6,276,-279
S10,Quinn,53,68,0.02,25,28,0.47,2.3,8,1.332638889,8.4,598,408,10.7,443,142
S10,Draven,58,60,0.02,30,28,0.52,3.8,5.6,1.360416667,8.8,480,455,7.1,539,116
S10,Evelynn,36,76,0.02,16,20,0.44,2.6,4,1.302777778,5.7,451,355,1.9,148,456
S10,Sivir,86,24,0.02,38,48,0.44,3.7,8,1.368055556,9.8,511,430,-5,-190,-161
S10,KogMaw,78,30,0.02,27,51,0.35,3,6.4,1.329861111,8.8,683,401,-1.5,-130,-124
S10,Vayne,74,27,0.02,32,42,0.43,2.8,7.7,1.316666667,8.1,498,402,-1.6,-87,18
S10,Veigar,51,35,0.01,17,34,0.33,2.7,6.7,1.358333333,8,441,378,-10.4,-411,-154
S10,Illaoi,27,58,0.01,9,18,0.33,1.6,5.2,1.434722222,7.7,610,370,3.7,-123,11
S10,Kayn,39,43,0.01,15,24,0.38,1.8,3.4,1.318055556,6.2,356,344,-6.7,-206,-158
S10,Darius,27,50,0.01,10,17,0.37,1.7,6.9,1.272222222,7.5,381,373,6.3,42,-216
S10,Samira,25,50,0.01,13,12,0.52,3.3,4.1,1.269444444,8.1,445,414,10,606,358
S10,Twitch,31,42,0.01,13,18,0.42,2.9,6.2,1.341666667,8.1,497,395,-10.6,-476,-341
S10,Jinx,52,13,0.01,19,33,0.37,3.3,6.7,1.341666667,9.9,515,430,-1.4,-129,-222
S10,Riven,12,45,0.01,8,4,0.67,4,4.7,1.349305556,8.5,423,417,-0.2,-214,-48
S10,Zed,35,22,0.01,13,22,0.37,2.5,7.2,1.343055556,7.8,484,391,-0.1,149,190
S10,Yone,18,38,0.01,10,8,0.56,3.7,3.4,1.389583333,8.6,630,442,-7.2,-239,-207
S10,Yorick,23,29,0.01,7,16,0.3,1.4,6.6,1.290277778,9,397,413,6,169,42
S10,Talon,9,39,0.01,1,8,0.11,1.8,2.4,1.298611111,7.4,322,356,-10.9,-888,-428
S10,Malzahar,26,21,0.01,17,9,0.65,3.2,7.8,1.384027778,8.6,450,402,-2,-217,129
S10,Janna,38,7,0.01,19,19,0.5,4.6,7.9,1.341666667,1.6,203,250,-13.6,-347,-405
S10,Ahri,16,23,0.01,6,10,0.38,4.1,6.5,1.384722222,8.1,520,393,-5.4,17,115
S10,Nunu,21,17,0.01,10,11,0.48,2.7,5,1.334027778,5.5,269,329,-2.4,-208,-69
S10,Xerath,17,21,0.01,7,10,0.41,5.5,5.8,1.359027778,8.1,686,376,3.6,106,185
S10,Swain,16,19,0.01,7,9,0.44,2.4,5.6,1.365277778,5.7,478,338,-2.6,193,167
S10,Rengar,10,24,0.01,6,4,0.6,2.9,3.3,1.322222222,6.7,398,389,10.3,492,278
S10,Aurelion Sol,17,17,0.01,7,10,0.41,3.2,6.8,1.328472222,7.6,425,357,-3.7,-261,-48
S10,Xin Zhao,22,11,0.01,11,11,0.5,2.6,5.7,1.354166667,5.2,295,324,2.8,94,151
S10,Zyra,22,9,0.01,7,15,0.32,2,6.7,1.411805556,0.9,385,237,-10.1,162,64
S10,Annie,6,23,0,2,4,0.33,2.3,4.1,1.302083333,5.2,371,305,-2.3,-744,-239
S10,Ivern,16,11,0,4,12,0.25,2.8,6.3,1.303472222,4.3,147,274,-12.1,-621,-456
S10,Tryndamere,13,12,0,6,7,0.46,2.3,7,1.234027778,9.6,391,458,13.8,679,444
S10,Dr. Mundo,14,8,0,9,5,0.64,4,7.5,1.488194444,7.6,471,385,13.1,166,431
S10,Amumu,4,14,0,1,3,0.25,1.3,5.8,1.267361111,4.8,295,302,-23.2,-1320,-1344
S10,Katarina,7,11,0,2,5,0.29,2.3,5.4,1.359027778,6.7,347,364,-19.5,-194,-223
S10,Anivia,8,9,0,3,5,0.38,1.7,7.2,1.296527778,8.5,339,365,-5,-679,-123
S10,Shaco,5,9,0,3,2,0.6,4.1,3.1,1.188194444,4.3,259,311,-17.6,-344,-572
S10,Singed,8,4,0,3,5,0.38,2.8,8.3,1.352083333,7.5,467,375,-5.8,-101,-64
S10,Fizz,5,6,0,1,4,0.2,1.7,9,1.203472222,7.6,311,340,2.6,-189,198
S10,Brand,8,1,0,1,7,0.13,1.7,5,1.241666667,2.9,545,282,-9.6,-629,-817
S10,Nasus,7,2,0,3,4,0.43,2,8.5,1.355555556,7.5,490,386,-1.9,91,368
S10,Vi,8,1,0,4,4,0.5,2.4,8,1.277777778,5,249,311,-11.8,-614,-726
S10,Master Yi,6,2,0,0,6,0,0.8,3,1.156944444,7.9,284,344,27.2,193,327
S10,Nami,8,0,0,3,5,0.38,4.3,-,1.310416667,0.7,114,212,-6.5,-395,-126
S10,Udyr,1,5,0,0,1,0,2.2,3.2,1.367361111,6.5,444,370,20,-321,770
S10,Garen,4,1,0,1,3,0.25,2,8,1.182638889,7.1,351,372,-14.5,-304,-68
S10,Teemo,1,1,0,0,1,0,0.7,1,1.052083333,8,795,393,37,1127,-102
S10,Warwick,2,0,0,1,1,0.5,2.9,-,1.358333333,5.2,262,366,-18,216,-496
S10,Rammus,1,0,0,1,0,1,4.5,-,1.379861111,4.6,188,309,-8,619,703
S10,Seraphine,0,0,0,,,,,-,0,,,,,,
S10,Rell,0,0,0,,,,,-,0,,,,,,
S10,Viego,0,0,0,,,,,-,0,,,,,,
S10,Gwen,0,0,0,,,,,-,0,,,,,,
S10,Akshan,0,0,0,,,,,-,0,,,,,,
S10,Vex,0,0,0,,,,,-,0,,,,,,
S10,Zeri,0,0,0,,,,,-,0,,,,,,
S10,Renata Glasc,0,0,0,,,,,-,0,,,,,,
S09,Aatrox,1503,1742,0.63,774,729,0.51,2.8,4.5,1.360416667,8,370,382,1.7,2,132
S09,Irelia,811,2240,0.59,386,425,0.48,2.5,4.6,1.335416667,8.8,356,410,8,213,-56
S09,Lucian,1254,1577,0.55,646,608,0.52,4,4.8,1.3625,9.3,466,429,7.6,179,135
S09,Sylas,1213,1560,0.54,646,567,0.53,3.1,4.3,1.345138889,7.1,402,373,-1.8,-24,55
S09,Jarvan IV,1680,940,0.51,796,884,0.47,3.5,6.1,1.365972222,5,207,322,-3,-87,-138
S09,Jayce,866,1705,0.5,432,434,0.5,2.8,4.7,1.359722222,8.4,532,399,8.3,330,25
S09,Ezreal,1641,817,0.48,771,870,0.47,4.1,6.1,1.384722222,9.2,659,431,-3.1,51,-110
S09,Akali,915,1530,0.48,468,447,0.51,3.4,4.7,1.374305556,8.2,411,392,1.1,25,93
S09,Sejuani,1184,1255,0.48,549,635,0.46,3.6,5.3,1.358333333,4.8,220,314,-4.6,-197,-139
S09,Kaisa,1689,467,0.42,823,866,0.49,4.1,7.3,1.343055556,9.4,457,438,-1.1,-157,-43
S09,Braum,1580,543,0.41,775,805,0.49,3.3,7.1,1.385416667,2,137,263,6.3,-38,-12
S09,Yuumi,581,1474,0.4,310,271,0.53,6.3,3.9,1.315972222,0.5,363,259,-14,92,366
S09,Olaf,760,1269,0.4,393,367,0.52,3.2,5.7,1.360416667,5.3,284,337,6.8,243,139
S09,Ryze,907,1106,0.39,410,497,0.45,2.5,5.1,1.359027778,9.1,443,407,2.4,-103,-30
S09,Xayah,1256,726,0.39,668,588,0.53,4.2,4.9,1.372916667,9.7,495,445,3.7,78,116
S09,Tahm Kench,1234,747,0.39,617,617,0.5,2.9,5.3,1.38125,2.3,126,268,12.7,95,133
S09,Zoe,715,1181,0.37,371,344,0.52,4.3,5.2,1.383333333,8.1,573,381,0.1,83,20
S09,Gragas,1074,817,0.37,553,521,0.51,3,5.9,1.364583333,4.3,310,311,-4.2,-147,-91
S09,LeBlanc,575,1280,0.36,277,298,0.48,4,6.2,1.379861111,7.8,490,378,-1.7,-5,111
S09,Lissandra,894,891,0.35,462,432,0.52,3.4,5.1,1.363888889,8.4,428,385,1.5,99,68
S09,Rakan,1127,600,0.34,633,494,0.56,3.9,6,1.359027778,0.5,152,249,-14.7,-71,-65
S09,Karma,547,1178,0.34,248,299,0.45,3.5,3.9,1.345833333,5.6,344,322,-7,-140,-106
S09,Thresh,883,825,0.33,459,424,0.52,3.2,5.7,1.386805556,0.8,131,248,-9.8,-18,-124
S09,Alistar,1025,660,0.33,508,517,0.5,2.7,6.9,1.356944444,1.7,124,256,3.1,-52,-70
S09,Galio,971,696,0.32,484,487,0.5,3.1,5,1.363888889,3.4,233,283,1.2,-53,26
S09,Vladimir,804,863,0.32,411,393,0.51,3.1,6.1,1.354861111,8.4,502,393,-4.3,-358,-68
S09,Sivir,961,589,0.3,455,506,0.47,4.1,6.8,1.363194444,10.1,530,440,2.7,-37,46
S09,Lee Sin,1010,503,0.29,492,518,0.49,3.1,6.8,1.357638889,4.9,224,328,-2.1,-5,-62
S09,Corki,916,551,0.29,474,442,0.52,3.9,6.2,1.379861111,9.4,592,435,4.1,230,111
S09,RekSai,758,677,0.28,383,375,0.51,2.8,5.8,1.365277778,5.2,265,341,3.7,245,234
S09,Neeko,636,793,0.28,306,330,0.48,2.7,5.1,1.365972222,7.9,399,371,2.4,44,-18
S09,Cassiopeia,348,1025,0.27,175,173,0.5,3.1,4,1.377083333,8.7,453,399,3.1,-36,-94
S09,Yasuo,426,947,0.27,225,201,0.53,2.6,4.7,1.331944444,8.8,347,413,3.8,62,56
S09,Urgot,874,463,0.26,461,413,0.53,3.2,4.7,1.384027778,7.9,372,384,0.9,107,26
S09,Kennen,727,599,0.26,356,371,0.49,2.6,7.5,1.374305556,7.7,442,383,2.3,235,-13
S09,Nautilus,777,494,0.25,350,427,0.45,2.2,6.5,1.356944444,2.1,153,250,9.7,-86,-108
S09,Renekton,640,626,0.25,319,321,0.5,2.6,6.5,1.338888889,8.2,347,392,6.1,376,231
S09,Azir,627,597,0.24,309,318,0.49,3.2,6,1.370833333,9.2,506,410,4.5,9,126
S09,Morgana,511,687,0.23,267,244,0.52,3.5,6.4,1.375,1.6,231,265,-9.1,-17,10
S09,Camille,563,633,0.23,294,269,0.52,2.6,6.5,1.355555556,7.1,345,377,-6,-134,-148
S09,Syndra,541,584,0.22,259,282,0.48,3.2,6.9,1.423611111,8.6,490,391,6.3,103,14
S09,Kalista,443,651,0.21,229,214,0.52,3.7,5.3,1.349305556,9.4,381,432,6.7,182,21
S09,Elise,480,530,0.2,265,215,0.55,2.8,6.2,1.328472222,4.9,314,331,-3.4,48,-128
S09,Karthus,310,658,0.19,157,153,0.51,3,4.4,1.402777778,6.4,543,370,15,333,572
S09,Lux,526,417,0.18,276,250,0.52,4,4.7,1.357638889,1.1,231,256,-10.9,-38,-97
S09,Qiyana,266,642,0.18,164,102,0.62,3.5,4.2,1.349305556,7.1,458,387,-5.9,22,-79
S09,Gangplank,457,424,0.17,250,207,0.55,3.7,7.3,1.388194444,8.3,562,423,-4.2,47,-85
S09,Sion,622,240,0.17,311,311,0.5,3.1,6.4,1.390972222,7.1,307,337,-8.3,-436,-149
S09,Skarner,401,452,0.17,239,162,0.6,3.6,6.2,1.389583333,4.7,142,314,0.5,-97,23
S09,Nocturne,321,528,0.17,152,169,0.47,2.8,6.6,1.391666667,5.2,248,327,0.8,-13,63
S09,Xin Zhao,436,341,0.15,186,250,0.43,2.2,7.5,1.372222222,4.9,253,319,0,-101,-81
S09,Varus,473,280,0.15,231,242,0.49,3.4,7.6,1.379166667,9.3,493,424,7.7,125,-22
S09,Yorick,251,483,0.14,131,120,0.52,2.1,6.6,1.346527778,8.7,442,403,-0.9,-127,27
S09,Draven,167,479,0.13,107,60,0.64,4.7,4.1,1.347916667,9,488,475,8.6,732,96
S09,Sona,198,412,0.12,104,94,0.53,4.3,3.9,1.314583333,4.8,380,373,-70.7,-964,-692
S09,Vayne,368,228,0.12,184,184,0.5,3.7,6.5,1.359722222,8.8,468,422,-2.2,-274,-48
S09,Tristana,376,206,0.11,174,202,0.46,3.5,6.3,1.360416667,9.3,461,436,1.3,191,95
S09,Viktor,357,212,0.11,152,205,0.43,2.6,6.4,1.403472222,8.6,575,390,-4.4,-196,-135
S09,Pyke,317,224,0.11,154,163,0.49,2.9,5.9,1.339583333,2.7,197,305,0.3,97,-131
S09,Taliyah,277,237,0.1,139,138,0.5,3.3,5.6,1.347222222,6.8,439,369,-2.4,38,32
S09,Rumble,262,237,0.1,122,140,0.47,2.9,5.7,1.345138889,7.2,474,355,-2.9,-177,-47
S09,Kindred,226,259,0.09,111,115,0.49,2.8,6.3,1.307638889,5.7,340,358,5.9,217,209
S09,Ashe,320,151,0.09,163,157,0.51,3.9,7.7,1.395138889,9.2,506,414,-0.1,-60,-112
S09,Poppy,299,172,0.09,148,151,0.49,2.9,7.7,1.34375,6.6,326,340,-7.8,-285,-66
S09,Caitlyn,269,177,0.09,121,148,0.45,3.5,7.2,1.352083333,9.3,522,433,9.4,225,1
S09,KhaZix,231,212,0.09,123,108,0.53,3,7.2,1.382638889,5.3,314,340,-0.2,-2,-30
S09,Jax,174,200,0.07,80,94,0.46,2.3,7.6,1.357638889,8.1,338,396,-2.4,-45,-28
S09,Gnar,272,94,0.07,134,138,0.49,2.8,7.7,1.388888889,7.7,383,371,-1.1,-78,-31
S09,Fiora,140,201,0.07,68,72,0.49,2,7.6,1.3125,9.1,428,418,9.7,355,170
S09,Ornn,222,71,0.06,105,117,0.47,2.9,7.5,1.365972222,5.8,293,321,-7.7,-428,-151
S09,Taric,114,171,0.06,55,59,0.48,4.1,4.1,1.302777778,3.1,87,273,31,145,83
S09,Orianna,208,71,0.05,102,106,0.49,4,8.1,1.395833333,8.8,465,394,3.5,-25,0
S09,Kled,148,124,0.05,75,73,0.51,3.1,7.2,1.313194444,7.5,337,374,-9.2,-210,-154
S09,Trundle,193,75,0.05,100,93,0.52,3.5,8,1.386805556,4.5,166,310,-1.8,-138,-172
S09,Hecarim,137,127,0.05,71,66,0.52,2.6,6.6,1.345138889,6.7,356,373,-2.8,72,52
S09,Mordekaiser,100,160,0.05,51,49,0.51,2.5,5.3,1.345833333,7.5,415,381,-6,-183,3
S09,Twisted Fate,95,149,0.05,51,44,0.54,3.9,5.6,1.309027778,8.2,412,433,-5.2,479,-109
S09,Kayle,86,144,0.04,45,41,0.52,3.1,5,1.310416667,8.5,463,418,-6.1,-158,-83
S09,Zac,123,105,0.04,60,63,0.49,3.6,7.7,1.407638889,4.5,188,302,-9.6,-256,-191
S09,Pantheon,49,171,0.04,18,31,0.37,1.9,3.1,1.242361111,5,300,317,11,82,-183
S09,Jinx,162,46,0.04,88,74,0.54,4.3,7.7,1.34375,10,560,454,5.2,198,-119
S09,Zilean,104,95,0.04,48,56,0.46,4.8,7,1.367361111,4.3,323,304,-10.5,-148,302
S09,Riven,88,107,0.04,42,46,0.48,2.9,5.8,1.335416667,8,319,393,0.9,-79,34
S09,Leona,145,49,0.04,68,77,0.47,2.6,7.8,1.349305556,1.9,123,261,10.4,136,94
S09,Zed,105,85,0.04,55,50,0.52,2.7,7.3,1.292361111,8.1,470,402,-0.3,129,80
S09,Heimerdinger,57,121,0.03,38,19,0.67,4.1,3.8,1.414583333,8.1,603,384,-4.2,-141,44
S09,Shen,133,41,0.03,67,66,0.5,3.2,7.8,1.335416667,3.6,163,298,-2.9,-354,-152
S09,Swain,118,56,0.03,53,65,0.45,3.3,6.1,1.332638889,7.7,505,374,-1.4,-61,51
S09,Nidalee,68,99,0.03,31,37,0.46,3,4.7,1.269444444,6,398,372,16.9,641,814
S09,Nunu,90,74,0.03,52,38,0.58,3.2,4.6,1.357638889,4.9,191,320,-0.6,-185,-118
S09,Volibear,88,58,0.03,37,51,0.42,2.4,6.6,1.327083333,2.2,160,259,11.8,59,-179
S09,VelKoz,90,55,0.03,45,45,0.5,4.4,6.7,1.431944444,8,580,377,-3.9,-16,-2
S09,Ivern,51,88,0.03,30,21,0.59,5.6,5.6,1.378472222,4.4,149,300,0,-122,2
S09,Kassadin,66,71,0.03,30,36,0.45,3.4,7.6,1.328472222,8.8,488,416,-5.6,-460,-129
S09,Evelynn,50,60,0.02,24,26,0.48,2.9,5.7,1.28125,5.1,399,351,-1.2,2,240
S09,Talon,36,74,0.02,16,20,0.44,2.4,4.8,1.306944444,8.1,424,388,-10.7,-232,-307
S09,Veigar,60,43,0.02,30,30,0.5,3.6,5.7,1.31875,7.8,441,389,-0.6,-218,63
S09,Lulu,68,34,0.02,26,42,0.38,3.5,7.4,1.307638889,4.9,248,309,-7.6,-233,-119
S09,Ahri,51,37,0.02,22,29,0.43,3.3,4.9,1.294444444,7.9,426,371,-5.4,-355,-155
S09,Chogath,66,20,0.02,32,34,0.48,2.2,6.4,1.346527778,7,335,352,-4.9,-335,-132
S09,Kayn,60,26,0.02,28,32,0.47,2.4,7.1,1.361805556,5.5,326,349,6,67,193
S09,Fiddlesticks,44,38,0.02,20,24,0.45,2.3,7.1,1.371527778,0.7,230,238,-6.5,-370,-222
S09,KogMaw,49,28,0.02,27,22,0.55,3.7,7,1.324305556,9.3,622,440,7.4,40,-60
S09,Vi,62,11,0.01,26,36,0.42,2.2,6.5,1.294444444,5,236,325,0.8,-124,5
S09,Ekko,50,18,0.01,27,23,0.54,2.7,6.4,1.348611111,7.7,375,382,-9,-46,124
S09,Malzahar,34,30,0.01,17,17,0.5,2.4,5.8,1.380555556,7.7,460,369,-13.1,-532,-201
S09,Blitzcrank,35,28,0.01,17,18,0.49,2.5,8.5,1.347222222,1.3,163,256,-1.3,254,100
S09,Rengar,21,42,0.01,10,11,0.48,2.8,2.9,1.39375,5.9,302,355,11.1,321,167
S09,Graves,40,19,0.01,23,17,0.58,3.1,6.8,1.340972222,6.3,381,377,10.2,373,413
S09,Darius,24,30,0.01,9,15,0.38,2,7.3,1.261111111,8.1,321,388,12.5,330,199
S09,Bard,37,15,0.01,20,17,0.54,3.1,7,1.339583333,0.7,271,261,-13.9,54,-54
S09,Miss Fortune,35,15,0.01,19,16,0.54,4.1,6.5,1.329861111,8.7,605,431,6,179,79
S09,Soraka,33,17,0.01,15,18,0.45,3.3,7.6,1.318055556,0.8,208,244,-16.9,-204,-106
S09,Aurelion Sol,22,26,0.01,7,15,0.32,2.3,4.8,1.270833333,8,447,351,-18.8,-756,-550
S09,Malphite,29,16,0.01,13,16,0.45,2.9,8.4,1.345138889,6.3,363,338,-18.7,-717,-296
S09,Garen,34,7,0.01,21,13,0.62,4.3,8.1,1.395138889,6.9,227,372,-16.1,-615,-424
S09,Xerath,24,17,0.01,12,12,0.5,4,7.6,1.459722222,7.8,719,379,0,-106,-4
S09,Anivia,16,21,0.01,6,10,0.38,3,6.3,1.451388889,8.8,299,385,-1.1,-195,250
S09,Ziggs,24,12,0.01,11,13,0.46,3.8,6.7,1.372222222,8.8,670,400,-2,-149,-323
S09,Jhin,28,6,0.01,13,15,0.46,4.3,8.2,1.372916667,9.1,535,427,1.2,87,-16
S09,Janna,25,8,0.01,12,13,0.48,3.2,8.5,1.328472222,0.5,202,246,-17.2,-86,-4
S09,Nami,23,6,0.01,10,13,0.43,3.4,7,1.340972222,0.7,169,234,-10.5,-317,-155
S09,Illaoi,13,13,0.01,5,8,0.38,1.7,6.1,1.529166667,8,624,395,10.4,391,177
S09,Fizz,16,9,0,5,11,0.31,2.5,8.1,1.422916667,7,365,362,-14.9,-286,-125
S09,Maokai,21,3,0,8,13,0.38,1.6,7.3,1.3,6.2,365,305,-20.6,-916,-385
S09,Quinn,12,11,0,5,7,0.42,2.6,5.7,1.315277778,8.2,527,415,4.3,29,-99
S09,Katarina,8,14,0,1,7,0.13,1.3,4.9,1.002083333,5.4,281,329,-33,-1611,-1022
S09,Zyra,12,10,0,4,8,0.33,2,4.9,1.459027778,0.9,340,259,-12.2,3,100
S09,Diana,9,11,0,3,6,0.33,1.9,6.9,1.347916667,7.9,457,372,-15.8,-481,-141
S09,Twitch,14,2,0,11,3,0.79,6.1,9.5,1.184027778,8.1,649,464,10.2,942,416
S09,Shyvana,9,5,0,3,6,0.33,2.6,5.6,1.151388889,6.6,530,353,0,-102,299
S09,Udyr,1,11,0,0,1,0,0.7,4.7,1.281944444,6.6,161,322,-9,-511,-859
S09,Annie,6,4,0,3,3,0.5,1.9,7,1.234027778,5.6,355,336,-5,-133,77
S09,Dr. Mundo,9,1,0,2,7,0.22,2.3,10,1.404861111,7.4,385,342,-10.4,-374,-171
S09,Amumu,0,8,0,,,,,5,0,,,,,,
S09,Tryndamere,3,4,0,1,2,0.33,2,5.5,1.079861111,7.9,359,384,11,367,345
S09,Warwick,7,0,0,3,4,0.43,1.9,-,1.139583333,4.5,247,335,-8.9,-172,-404
S09,Brand,5,1,0,1,4,0.2,1.8,7,1.054861111,0.7,301,240,-6.2,-52,126
S09,Teemo,5,1,0,2,3,0.4,1.4,3,1.202083333,8.3,497,400,7.2,44,-76
S09,Nasus,4,1,0,2,2,0.5,0.9,7,1.211111111,8.9,408,388,-2,-730,-368
S09,Shaco,3,2,0,0,3,0,1.9,6.5,1.458333333,3.8,396,317,-0.7,-242,-301
S09,Master Yi,2,1,0,0,2,0,0.7,6,1.290972222,6.2,339,360,-20,-1736,-1122
S09,Rammus,3,0,0,3,0,1,4,-,1.273611111,4.1,244,330,-14.7,-36,-168
S09,Singed,2,1,0,2,0,1,3.3,6,1.255555556,8.1,444,420,4,471,127
S09,Wukong,3,0,0,1,2,0.33,1.9,-,1.109027778,6.6,591,373,-13.3,-275,-244
S09,Senna,0,0,0,,,,,-,0,,,,,,
S09,Aphelios,0,0,0,,,,,-,0,,,,,,
S09,Sett,0,0,0,,,,,-,0,,,,,,
S09,Lillia,0,0,0,,,,,-,0,,,,,,
S09,Yone,0,0,0,,,,,-,0,,,,,,
S09,Samira,0,0,0,,,,,-,0,,,,,,
S09,Seraphine,0,0,0,,,,,-,0,,,,,,
S09,Rell,0,0,0,,,,,-,0,,,,,,
S09,Viego,0,0,0,,,,,-,0,,,,,,
S09,Gwen,0,0,0,,,,,-,0,,,,,,
S09,Akshan,0,0,0,,,,,-,0,,,,,,
S09,Vex,0,0,0,,,,,-,0,,,,,,
S09,Zeri,0,0,0,,,,,-,0,,,,,,
S09,Renata Glasc,0,0,0,,,,,-,0,,,,,,
S08,Camille,1058,2149,0.68,567,491,0.54,2.6,4.6,1.398611111,7.3,352,378,-3.3,-62,-128
S08,Ryze,1512,1523,0.64,733,779,0.48,3.4,4.8,1.426388889,9.8,455,416,3.1,2,0
S08,Braum,1830,1016,0.6,923,907,0.5,3.4,6.6,1.445138889,2.1,150,256,2.8,-110,-111
S08,Tahm Kench,1501,1342,0.6,775,726,0.52,2.8,5.4,1.45,2.1,130,255,7.8,30,76
S08,Taliyah,882,1846,0.58,453,429,0.51,3.3,4.5,1.425694444,7.9,509,386,1.2,60,106
S08,Zoe,835,1804,0.56,451,384,0.54,4.3,4.1,1.431944444,8.7,604,391,4.6,178,171
S08,Rakan,1123,1382,0.53,609,514,0.54,3.8,4.3,1.4125,0.6,163,254,-18.8,-3,-64
S08,Alistar,1362,1126,0.53,689,673,0.51,2.9,6.7,1.406944444,1.7,134,245,1.2,-78,-87
S08,Varus,1393,1011,0.51,678,715,0.49,3.7,6,1.448611111,9.8,508,423,3.9,45,-28
S08,Sejuani,1537,855,0.51,729,808,0.47,3.7,5.7,1.457638889,4.8,199,314,-3.2,-134,-150
S08,Ezreal,1451,707,0.46,719,732,0.5,4.8,5.8,1.452083333,9.7,691,434,-0.3,211,0
S08,Ornn,1244,896,0.45,617,627,0.5,3.4,6.9,1.425,7.4,354,346,-1.8,-135,-10
S08,Aatrox,439,1584,0.43,253,186,0.58,3.1,3.6,1.345138889,9,440,408,3.7,180,223
S08,Gangplank,842,1177,0.43,465,377,0.55,4,5.6,1.490277778,9.2,589,453,-9.5,318,-177
S08,Gnar,1144,836,0.42,541,603,0.47,2.7,7.3,1.489583333,8.9,434,388,7.2,51,174
S08,Azir,831,1073,0.4,419,412,0.5,3.4,4.8,1.474305556,9.9,582,415,1.8,-41,27
S08,Galio,629,1196,0.39,326,303,0.52,3.8,4.5,1.420833333,8.6,439,380,-9.4,-317,-98
S08,Morgana,755,1050,0.38,353,402,0.47,3.3,5.5,1.406944444,1.7,292,267,-11.6,13,-82
S08,Swain,777,1020,0.38,408,369,0.53,3.7,4.2,1.392361111,8.3,487,383,-2.4,-25,16
S08,Xayah,993,788,0.38,533,460,0.54,4.3,4.8,1.423611111,10.2,568,441,4.5,93,167
S08,Trundle,1080,631,0.36,544,536,0.5,3.6,5.9,1.409722222,5,177,322,-2.7,-57,-214
S08,Shen,928,706,0.35,450,478,0.48,3.5,6,1.400694444,4,162,292,0.9,-123,-90
S08,Vladimir,754,791,0.33,355,399,0.47,3.1,5.7,1.407638889,8.9,499,399,-0.3,-81,-19
S08,Nocturne,422,1094,0.32,231,191,0.55,2.7,4.3,1.388194444,5.5,276,344,1.2,160,218
S08,Skarner,668,704,0.29,367,301,0.55,3.3,5,1.452083333,4.9,145,314,2.2,-35,7
S08,Kaisa,820,470,0.27,427,393,0.52,4.2,5.4,1.355555556,10,522,443,3.9,-30,86
S08,Jarvan IV,750,485,0.26,388,362,0.52,3.5,6.1,1.456944444,5.1,196,322,-4.5,-69,-179
S08,Sion,677,545,0.26,327,350,0.48,3.1,4.9,1.425694444,7.9,364,352,0,-49,18
S08,Caitlyn,706,499,0.26,352,354,0.5,3.8,5.5,1.449305556,10.3,636,435,3.6,93,-25
S08,Olaf,563,612,0.25,298,265,0.53,3.6,4.9,1.424305556,5.3,278,333,5.8,207,262
S08,Tristana,738,423,0.25,365,373,0.49,4.5,6,1.436805556,10.3,561,438,-4.2,-144,17
S08,Kindred,486,644,0.24,241,245,0.5,3.1,4.5,1.397222222,5.9,367,361,0.8,144,90
S08,Gragas,807,314,0.24,390,417,0.48,3,6.2,1.434722222,4.7,277,307,-6,-179,-145
S08,Irelia,449,654,0.23,233,216,0.52,2.9,4.9,1.33125,9.1,381,416,10,268,112
S08,Dr. Mundo,624,426,0.22,306,318,0.49,3,7.9,1.381944444,8.4,411,375,-1.7,-162,5
S08,Yasuo,360,640,0.21,166,194,0.46,2.7,5.4,1.355555556,9.1,351,407,4,59,-7
S08,Chogath,726,260,0.21,349,377,0.48,2.4,8.4,1.44375,7.8,325,357,-3.9,-231,-94
S08,Zac,536,448,0.21,274,262,0.51,3.7,6.7,1.44375,4.6,178,305,-8.4,-225,-79
S08,Orianna,631,352,0.21,298,333,0.47,4.1,7.4,1.459722222,9.4,494,399,4.8,6,44
S08,Cassiopeia,445,525,0.21,249,196,0.56,4.2,6.7,1.413194444,9.3,519,412,4.7,119,-6
S08,KhaZix,432,527,0.2,226,206,0.52,3,5.5,1.481944444,5.3,314,335,-0.6,99,75
S08,Kalista,324,622,0.2,161,163,0.5,3.9,4.3,1.45,10.1,450,437,5.8,112,16
S08,Lucian,472,439,0.19,227,245,0.48,3.5,5.9,1.370138889,9.6,473,421,10.2,181,87
S08,Taric,482,415,0.19,234,248,0.49,3.4,7.2,1.443055556,2.1,86,258,-2,-168,-130
S08,KogMaw,323,467,0.17,140,183,0.43,3.6,4.6,1.478472222,9.9,610,424,-3.4,-185,-163
S08,LeBlanc,264,503,0.16,141,123,0.53,3.8,7,1.421527778,8.3,517,390,0.6,124,216
S08,Jayce,279,471,0.16,152,127,0.54,2.7,6.5,1.400694444,9.2,554,411,13.5,415,98
S08,Graves,365,318,0.14,178,187,0.49,3.3,5,1.3625,6.9,387,384,12,290,423
S08,Akali,118,511,0.13,56,62,0.47,3.1,3.9,1.422916667,8.5,420,391,-0.5,129,50
S08,Darius,229,396,0.13,103,126,0.45,2.2,7.9,1.376388889,8.4,349,387,7,171,4
S08,Malzahar,292,318,0.13,155,137,0.53,3.4,5.8,1.475694444,9.3,490,404,-5.6,-182,-2
S08,Karma,297,260,0.12,146,151,0.49,4.6,5.9,1.405555556,6.1,344,334,-4.2,-106,-25
S08,Pyke,304,222,0.11,148,156,0.49,3.2,6.6,1.376388889,1.8,164,269,0.6,118,-117
S08,Thresh,314,210,0.11,145,169,0.46,3.2,7.2,1.41875,1.1,138,246,-3.9,31,23
S08,Kennen,251,270,0.11,115,136,0.46,2.4,7.8,1.405555556,8.5,448,387,1.1,45,-63
S08,Lulu,283,237,0.11,134,149,0.47,4.4,6,1.370833333,5.8,282,329,-4.7,-161,-5
S08,Jhin,356,164,0.11,169,187,0.47,4.9,7.3,1.443055556,9.5,540,413,0.6,-93,-30
S08,Syndra,293,214,0.11,131,162,0.45,3.2,7.9,1.468055556,9.4,509,399,6.1,100,51
S08,Ashe,332,153,0.1,172,160,0.52,3.8,7.7,1.413888889,9.6,526,416,-1.7,-103,-102
S08,Xin Zhao,269,187,0.1,123,146,0.46,2.4,6.2,1.364583333,5.1,257,329,-6.8,-153,-303
S08,Urgot,201,253,0.1,97,104,0.48,3,5.1,1.398611111,8.5,404,385,6,244,147
S08,Jax,266,185,0.1,101,165,0.38,2.2,7.7,1.4125,6.8,231,354,2.7,-32,44
S08,Fiora,174,261,0.09,74,100,0.43,2.1,7.6,1.390277778,9.5,433,421,1.9,289,83
S08,Corki,291,138,0.09,136,155,0.47,3.6,6.9,1.463194444,10.4,646,434,4.7,238,51
S08,Janna,228,186,0.09,107,121,0.47,3.8,8,1.426388889,0.9,174,256,-18.2,-106,-109
S08,Poppy,266,125,0.08,132,134,0.5,2.9,7.2,1.430555556,7.2,335,345,-5.1,-120,-59
S08,Fiddlesticks,166,170,0.07,77,89,0.46,2.4,7,1.354861111,1.1,281,249,-9.2,-52,-74
S08,Nidalee,143,174,0.07,81,62,0.57,3.7,5.5,1.400694444,6.2,376,372,12.6,501,685
S08,Lee Sin,219,95,0.07,100,119,0.46,2.9,7,1.38125,4.9,218,328,-4.5,-5,-74
S08,Heimerdinger,93,189,0.06,45,48,0.48,3,4.2,1.408333333,8.5,636,385,1.5,39,90
S08,Anivia,113,166,0.06,62,51,0.55,5.5,5.4,1.492361111,9.5,459,406,-0.6,60,184
S08,Rumble,161,117,0.06,80,81,0.5,3.2,7.4,1.453472222,8,519,374,4.4,163,133
S08,Leona,186,89,0.06,102,84,0.55,2.7,7.5,1.440972222,2,125,260,12,-22,4
S08,Kled,142,130,0.06,69,73,0.49,4,5.4,1.41875,8.5,374,391,-2.1,17,-69
S08,Talon,88,162,0.05,53,35,0.6,3.4,5.6,1.417361111,9.9,448,437,13.3,434,785
S08,Maokai,205,40,0.05,99,106,0.48,2.6,8.4,1.427083333,7.2,354,335,-9.4,-287,-160
S08,Zilean,122,119,0.05,57,65,0.47,4.4,5.9,1.439583333,4.1,330,298,-10.5,-195,202
S08,VelKoz,127,112,0.05,63,64,0.5,4.3,6.4,1.528472222,8.8,655,389,5.6,114,187
S08,Singed,115,113,0.05,68,47,0.59,3.7,7.6,1.316666667,8.4,382,376,-3.8,-63,43
S08,Draven,79,145,0.05,48,31,0.61,3.8,3.9,1.34375,9.3,535,466,12.7,790,226
S08,Kassadin,115,105,0.05,46,69,0.4,3.6,8.1,1.405555556,9.3,498,403,-5.7,-328,-129
S08,Soraka,114,86,0.04,59,55,0.52,3.7,7.5,1.375694444,0.6,200,239,-14.5,-171,-22
S08,Sivir,136,63,0.04,60,76,0.44,4,7.8,1.509027778,10.8,590,438,-2.5,-250,-21
S08,Mordekaiser,81,100,0.04,48,33,0.59,4,5.3,1.300694444,7.9,366,389,-2.7,44,542
S08,Rengar,68,77,0.03,28,40,0.41,2.2,6.5,1.533333333,5.9,255,346,7.2,171,166
S08,RekSai,100,45,0.03,49,51,0.49,2.8,6.5,1.433333333,5.2,222,333,3.7,152,44
S08,Renekton,82,53,0.03,32,50,0.39,2,8.1,1.329166667,9,364,399,10.4,269,49
S08,Nunu,65,67,0.03,33,32,0.51,3.1,4.6,1.440277778,3.5,94,289,-25.3,-600,-480
S08,Aurelion Sol,59,71,0.03,29,30,0.49,4.8,6.6,1.440277778,8.9,495,398,-4.3,64,-43
S08,Viktor,95,28,0.03,37,58,0.39,3.1,6.8,1.420833333,9.3,590,396,1.1,-14,77
S08,Lissandra,68,52,0.03,36,32,0.53,3.3,7.9,1.334027778,8.8,407,386,16.7,308,421
S08,Veigar,61,55,0.02,32,29,0.52,4.3,6.1,1.411805556,8.8,468,397,-11.6,-269,-178
S08,Miss Fortune,70,39,0.02,34,36,0.49,3.9,6.4,1.454861111,8.3,551,395,-2.1,15,22
S08,Jinx,70,37,0.02,36,34,0.51,4.6,7.3,1.423611111,10.6,648,450,0,53,-26
S08,Ziggs,64,38,0.02,33,31,0.52,3.6,7.1,1.475694444,9.4,729,403,2.6,-48,-8
S08,Illaoi,39,63,0.02,16,23,0.41,1.1,8.1,1.44375,8.9,535,388,11.9,68,-11
S08,Master Yi,28,73,0.02,9,19,0.32,2.5,3.8,1.205555556,10.5,456,460,55.6,823,1013
S08,Evelynn,32,68,0.02,13,19,0.41,2.4,3.7,1.501388889,4.9,360,330,-4.3,117,324
S08,Xerath,44,50,0.02,20,24,0.45,4.8,4.6,1.506944444,8.3,776,385,-5.5,-60,-113
S08,Riven,39,47,0.02,20,19,0.51,2.6,5.2,1.3875,9.4,366,416,3.3,-189,-60
S08,Vayne,63,23,0.02,32,31,0.51,3.3,7.3,1.418055556,9.8,562,433,-0.5,-301,-22
S08,Karthus,53,32,0.02,21,32,0.4,2.5,5.3,1.361805556,9.8,701,422,33.8,648,1068
S08,Brand,43,38,0.02,22,21,0.51,3.1,5.4,1.457638889,5.5,529,336,-5.4,84,122
S08,Malphite,52,27,0.02,22,30,0.42,2.4,8.2,1.413888889,8.1,368,363,-14.2,-639,-347
S08,Bard,51,21,0.02,23,28,0.45,3,7.2,1.400694444,1,248,257,-18.9,-86,148
S08,Ekko,49,22,0.02,23,26,0.47,3.2,7,1.398611111,8.9,447,413,0.1,233,192
S08,Fizz,29,37,0.01,16,13,0.55,3.2,7.4,1.415972222,8.4,416,400,-2.7,-62,182
S08,Shyvana,37,24,0.01,10,27,0.27,2.3,8.2,1.486111111,6.6,287,352,25.1,470,730
S08,Nami,50,8,0.01,29,21,0.58,4.3,7.6,1.379166667,0.5,170,246,-13.1,-91,34
S08,Blitzcrank,42,15,0.01,19,23,0.45,2.6,7.9,1.439583333,1.5,150,242,1.7,-35,-260
S08,Ahri,27,25,0.01,14,13,0.52,3,4.9,1.533333333,8.4,523,391,-10.3,-397,-72
S08,Elise,37,12,0.01,15,22,0.41,2.2,8.4,1.340972222,4.7,315,322,-6.2,-217,-231
S08,Ivern,26,19,0.01,13,13,0.5,4.5,5.5,1.582638889,4.1,168,297,-5.8,-24,7
S08,Twisted Fate,33,10,0.01,18,15,0.55,5,7.7,1.323611111,9,433,433,-0.8,692,222
S08,Nautilus,34,5,0.01,12,22,0.35,2.4,4.4,1.345138889,3.4,186,267,5.8,-142,-104
S08,Twitch,25,9,0.01,11,14,0.44,4.1,7.2,1.422222222,9.1,572,414,-10.1,-426,-188
S08,Quinn,20,12,0.01,7,13,0.35,2.2,7.9,1.490277778,9.3,509,410,-3.3,-161,55
S08,Yorick,14,17,0.01,5,9,0.36,1.6,6.5,1.508333333,9.5,470,400,6.8,-183,31
S08,Zed,16,15,0.01,8,8,0.5,3.6,8.3,1.373611111,8.5,529,424,7.2,573,413
S08,Hecarim,18,7,0.01,12,6,0.67,2.5,7.4,1.390972222,6.7,348,379,5.7,210,394
S08,Zyra,20,4,0.01,8,12,0.4,1.6,8.8,1.316666667,1,391,266,-8.4,-94,-156
S08,Warwick,16,7,0,8,8,0.5,2.3,6.9,1.444444444,4.8,208,330,6.8,93,-4
S08,Kayn,16,5,0,6,10,0.38,2,8,1.301388889,5.6,291,336,-9.5,-82,-199
S08,Katarina,3,13,0,2,1,0.67,3.9,3.6,1.184722222,7.7,457,395,-20.7,-363,-430
S08,Kayle,7,7,0,4,3,0.57,3.2,4.9,1.296527778,12.6,435,499,40,816,1130
S08,Nasus,11,3,0,5,6,0.45,1.8,8.7,1.318055556,9.1,459,402,-2.6,-519,-163
S08,Wukong,9,1,0,6,3,0.67,2.6,8,1.435416667,8.1,413,397,-18.3,-287,-457
S08,Volibear,6,3,0,3,3,0.5,2.2,4,1.4375,5.7,247,306,-1,24,-358
S08,Lux,6,1,0,3,3,0.5,4.1,9,1.306944444,6.2,452,356,18.2,828,858
S08,Teemo,6,1,0,5,1,0.83,2.6,9,1.453472222,9.5,736,425,14.7,632,549
S08,Pantheon,4,1,0,2,2,0.5,2.8,1,1.385416667,6.4,353,365,-27.2,-129,-995
S08,Sona,2,3,0,2,0,1,6,6.3,1.388194444,0.7,333,314,-10.5,292,-170
S08,Garen,2,2,0,0,2,0,2.1,3.5,1.172222222,7.6,502,395,12,-350,-102
S08,Udyr,2,2,0,0,2,0,1.9,7.5,1.229166667,4.7,121,295,8,-400,-289
S08,Shaco,2,1,0,2,0,1,2.9,2,1.563888889,6.2,587,462,25.5,1520,1722
S08,Amumu,1,1,0,0,1,0,1,3,1.11875,4.5,145,272,-45,-775,-1575
S08,Annie,1,1,0,0,1,0,0.2,5,1.128472222,7.3,305,334,-10,-496,-1203
S08,Rammus,2,0,0,2,0,1,2.9,-,1.371527778,5.2,647,401,3,796,557
S08,Vi,1,1,0,0,1,0,0.4,3,1.314583333,3.7,264,275,1,-2450,-632
S08,Diana,1,0,0,1,0,1,4,-,1.371527778,11.1,498,504,-7,535,226
S08,Tryndamere,1,0,0,1,0,1,5,-,1.394444444,12.1,569,509,23,550,1078
S08,Neeko,0,0,0,,,,,-,0,,,,,,
S08,Sylas,0,0,0,,,,,-,0,,,,,,
S08,Yuumi,0,0,0,,,,,-,0,,,,,,
S08,Qiyana,0,0,0,,,,,-,0,,,,,,
S08,Senna,0,0,0,,,,,-,0,,,,,,
S08,Aphelios,0,0,0,,,,,-,0,,,,,,
S08,Sett,0,0,0,,,,,-,0,,,,,,
S08,Lillia,0,0,0,,,,,-,0,,,,,,
S08,Yone,0,0,0,,,,,-,0,,,,,,
S08,Samira,0,0,0,,,,,-,0,,,,,,
S08,Seraphine,0,0,0,,,,,-,0,,,,,,
S08,Rell,0,0,0,,,,,-,0,,,,,,
S08,Viego,0,0,0,,,,,-,0,,,,,,
S08,Gwen,0,0,0,,,,,-,0,,,,,,
S08,Akshan,0,0,0,,,,,-,0,,,,,,
S08,Vex,0,0,0,,,,,-,0,,,,,,
S08,Zeri,0,0,0,,,,,-,0,,,,,,
S08,Renata Glasc,0,0,0,,,,,-,0,,,,,,
S07,Champion,,,,,,,,Avg BT,,,,,CSD@15,GD@15,XPD@15
S07,LeBlanc,297,1718,0.65,157,140,0.53,4,4.4,1.454166667,7.9,548,389,1.8,224,250
S07,Syndra,750,1194,0.63,403,347,0.54,3.3,6.1,1.53125,9.1,545,407,6.5,165,34
S07,Elise,760,1146,0.62,402,358,0.53,2.8,4.5,1.502777778,4.3,321,341,-5.6,49,-125
S07,Varus,1060,715,0.57,507,553,0.48,3.6,5,1.528472222,8.8,506,397,2.8,48,-12
S07,Shen,668,1015,0.54,336,332,0.5,3.9,5.3,1.529861111,8.1,325,370,-7.3,-237,-98
S07,Thresh,789,841,0.53,416,373,0.53,3.4,5.3,1.484027778,1.1,124,256,3.8,7,-9
S07,Caitlyn,659,966,0.52,324,335,0.49,3.2,4.6,1.503472222,9.4,522,411,4,137,-7
S07,Camille,353,1199,0.5,196,157,0.56,2.8,4.4,1.454166667,8,403,388,-3.1,2,-27
S07,Orianna,868,681,0.5,427,441,0.49,3.8,7,1.51875,9,501,403,3.7,34,36
S07,Gragas,1083,423,0.49,545,538,0.5,3.3,5.5,1.4875,5.2,282,331,-2.1,-174,-75
S07,Rumble,626,793,0.46,297,329,0.47,2.5,5.4,1.516666667,8.1,569,374,2.9,42,-11
S07,Ashe,995,403,0.45,496,499,0.5,3.8,6.3,1.513888889,8.7,435,396,-0.2,-11,-24
S07,Rengar,461,859,0.43,247,214,0.54,2.8,4.2,1.501388889,5.2,288,354,10.1,146,83
S07,Zac,167,1141,0.42,102,65,0.61,4.9,3.5,1.444444444,4.3,205,332,1.9,-134,-32
S07,Jayce,406,900,0.42,199,207,0.49,2.8,5,1.504861111,8.6,569,394,5.5,149,3
S07,Karma,841,424,0.41,383,458,0.46,3.7,6.4,1.511805556,1.9,213,268,-2.4,-102,-50
S07,Galio,429,827,0.41,223,206,0.52,3.9,4.4,1.463194444,7.4,350,355,-5.2,-85,-60
S07,Lee Sin,825,385,0.39,401,424,0.49,3,5.6,1.51875,4.3,232,335,-1.7,23,-78
S07,Taliyah,570,638,0.39,288,282,0.51,3.8,5.9,1.494444444,8.8,588,403,-3.3,0,-14
S07,Zyra,550,646,0.39,255,295,0.46,2.6,5.5,1.5625,0.8,369,273,-6.8,71,40
S07,Cassiopeia,469,703,0.38,249,220,0.53,3.5,6.8,1.492361111,8.6,478,399,4.5,60,-16
S07,Maokai,774,390,0.38,398,376,0.51,3.3,5.8,1.518055556,7,371,346,-3.3,-121,-84
S07,Malzahar,414,736,0.37,235,179,0.57,2.7,3.9,1.563888889,1.8,300,291,-2.7,-15,-26
S07,Lulu,722,413,0.37,349,373,0.48,3.8,6.2,1.50625,0.8,128,264,-2.9,-83,-36
S07,KhaZix,811,322,0.37,424,387,0.52,3.3,5.8,1.529861111,4.6,334,346,-3.4,-95,-91
S07,Kalista,455,672,0.36,244,211,0.54,3.9,4.2,1.455555556,9.1,435,419,4.1,144,8
S07,Graves,564,450,0.33,245,319,0.43,2.8,4.6,1.544444444,5.5,360,358,4.1,81,176
S07,Jarvan IV,699,308,0.33,374,325,0.54,3.6,5.5,1.472916667,6.8,318,359,-2.6,-33,-106
S07,Jhin,751,249,0.32,392,359,0.52,5.6,6.9,1.525,8.4,499,392,-2.3,-9,22
S07,Renekton,538,413,0.31,263,275,0.49,2.7,7.6,1.50625,8.9,361,391,12.7,473,303
S07,Corki,662,234,0.29,315,347,0.48,3.5,7.2,1.522916667,9.3,653,415,0.2,-38,-41
S07,Braum,650,228,0.28,331,319,0.51,3.4,7,1.477777778,1.4,143,264,5.9,-16,-24
S07,Kennen,269,585,0.28,115,154,0.43,2.2,5.5,1.452083333,8.4,442,391,6.3,142,78
S07,Ryze,361,483,0.27,170,191,0.47,3.2,5.1,1.486111111,9,415,403,-2.1,-94,-83
S07,RekSai,569,267,0.27,252,317,0.44,2.8,6,1.503472222,4.7,236,338,8.5,207,256
S07,Tahm Kench,449,365,0.26,221,228,0.49,2.7,6.9,1.516666667,1.5,125,260,8.6,8,20
S07,Rakan,382,379,0.25,190,192,0.5,3.7,5.1,1.472222222,0.6,145,272,-10.6,-38,-33
S07,Nautilus,529,181,0.23,286,243,0.54,3.4,6.9,1.520138889,7,333,345,-2.2,-88,-35
S07,Xayah,434,266,0.23,209,225,0.48,4.1,4.9,1.484722222,9.4,559,414,-1.5,-13,50
S07,Fiora,160,489,0.21,73,87,0.46,2,6.5,1.473611111,9.1,456,409,1.2,12,25
S07,Tristana,454,191,0.21,236,218,0.52,4.3,5.6,1.455555556,9.7,576,429,-2.9,-71,20
S07,Lucian,320,315,0.2,149,171,0.47,3.4,6.8,1.446527778,8.9,509,405,5.5,146,99
S07,KogMaw,303,310,0.2,143,160,0.47,3.3,5,1.502777778,9.1,634,404,-5.8,-318,-221
S07,Gnar,294,258,0.18,152,142,0.52,2.7,7.2,1.50625,8.3,466,382,5.5,85,126
S07,Chogath,252,253,0.16,132,120,0.52,2.9,5.4,1.459722222,7.3,378,359,-1.4,-129,40
S07,Ezreal,381,100,0.16,194,187,0.51,4.4,6.7,1.534027778,8.6,587,400,-0.1,-21,32
S07,Ivern,181,285,0.15,93,88,0.51,4.5,4.3,1.509027778,3.1,158,319,-17.2,-128,180
S07,Kled,246,213,0.15,129,117,0.52,3.3,6.6,1.470833333,8.3,388,378,-5,-127,-104
S07,Sejuani,299,156,0.15,149,150,0.5,4.1,5.5,1.481944444,4.2,235,324,-2,-38,34
S07,Kassadin,163,291,0.15,86,77,0.53,3.8,6.2,1.413194444,8.2,535,392,-4.2,-169,-39
S07,Alistar,274,168,0.14,129,145,0.47,3.1,6.7,1.454861111,1.2,128,263,3.5,-27,-36
S07,Vladimir,169,185,0.11,65,104,0.38,2.6,7.1,1.477083333,8.5,527,378,-0.8,-248,-282
S07,Ahri,213,140,0.11,114,99,0.54,3.8,8.2,1.553472222,8.6,517,397,-5.7,-94,3
S07,Twitch,184,149,0.11,108,76,0.59,4.5,6.1,1.474305556,8.6,601,412,-8.8,-224,-65
S07,Blitzcrank,146,161,0.1,90,56,0.62,3.3,7,1.445138889,1.2,157,276,2.4,125,-41
S07,Nami,210,92,0.1,90,120,0.43,3.7,8.6,1.530555556,0.6,143,253,-2.7,-125,-48
S07,Ekko,158,141,0.1,76,82,0.48,2.6,7.3,1.534027778,8.9,433,402,-2.7,-38,183
S07,Poppy,206,90,0.1,87,119,0.42,2.9,7.7,1.540277778,7.6,357,350,-5.7,-203,-105
S07,Fizz,96,199,0.1,57,39,0.59,3.4,5.5,1.472222222,8.1,398,388,-0.8,89,202
S07,Olaf,150,141,0.09,74,76,0.49,3.2,5,1.522222222,4.7,297,337,5,16,9
S07,Viktor,228,54,0.09,92,136,0.4,2.9,8,1.538194444,9,609,394,-1.6,-233,-71
S07,Miss Fortune,150,122,0.09,70,80,0.47,2.9,7,1.611111111,2.9,423,315,6.8,162,53
S07,Janna,164,93,0.08,106,58,0.65,5.8,6.2,1.479861111,0.6,68,315,-2.1,297,135
S07,Sivir,172,64,0.08,71,101,0.41,3.8,8.3,1.525694444,10,571,418,-1,-78,0
S07,Jax,91,128,0.07,41,50,0.45,2.1,7.4,1.436111111,8.7,377,396,3.6,136,60
S07,Talon,76,139,0.07,38,38,0.5,2.8,6.3,1.485416667,8.4,482,393,-7.6,-14,-109
S07,Bard,133,80,0.07,71,62,0.53,3.5,8.1,1.461805556,0.7,231,267,-8,-104,156
S07,Zed,75,120,0.06,46,29,0.61,3.6,7.7,1.525694444,8.1,531,402,-9.3,-127,-100
S07,Trundle,110,72,0.06,56,54,0.51,3.3,8.4,1.51875,6.3,269,344,8.2,212,101
S07,Aurelion Sol,44,117,0.05,31,13,0.7,6.3,5,1.569444444,8.6,569,415,-9.3,82,-13
S07,Morgana,103,57,0.05,56,47,0.54,4.1,7.5,1.485416667,0.8,217,291,-9.2,128,48
S07,Taric,104,47,0.05,50,54,0.48,4.1,8.3,1.422916667,1,74,275,2.7,-73,87
S07,Nidalee,79,70,0.05,38,41,0.48,3.4,6.5,1.481944444,5.6,368,367,14.2,421,594
S07,Ziggs,68,76,0.05,33,35,0.49,3.3,5.1,1.552083333,8.9,595,400,-7.2,27,-7
S07,Gangplank,60,62,0.04,28,32,0.47,3.1,8,1.538888889,9.1,621,447,2.2,468,-85
S07,Zilean,58,38,0.03,28,30,0.48,4.5,5.7,1.588888889,5.7,346,344,-3,-109,312
S07,Katarina,37,58,0.03,17,20,0.46,2.6,7.5,1.546527778,8,464,388,-6.9,-68,-30
S07,Brand,37,38,0.02,16,21,0.43,2.4,7.5,1.560416667,0.7,448,274,-7.6,105,-12
S07,Warwick,50,24,0.02,24,26,0.48,2.7,6.8,1.447222222,4.6,211,341,0.2,-30,18
S07,Twisted Fate,36,37,0.02,14,22,0.39,2.6,6.8,1.460416667,8.3,487,423,-14.5,388,-109
S07,Kayn,36,31,0.02,17,19,0.47,2.8,5.1,1.435416667,5.2,395,356,16,99,192
S07,Nunu,39,21,0.02,17,22,0.44,3.2,5.1,1.488888889,3.5,161,317,-14.6,-386,-388
S07,Swain,33,25,0.02,18,15,0.55,2.2,7.5,1.464583333,7.7,540,365,3,-62,11
S07,Sion,23,34,0.02,11,12,0.48,2.5,6.7,1.620138889,6.4,354,332,-3.9,-83,-33
S07,Illaoi,15,39,0.02,9,6,0.6,1.4,6.5,1.372222222,9.2,553,403,-0.8,242,316
S07,Anivia,22,28,0.02,9,13,0.41,3.1,6.4,1.475694444,8.4,539,390,-3.1,-89,324
S07,Azir,42,7,0.02,16,26,0.38,2.9,7.6,1.589583333,9,554,396,-2.9,-183,2
S07,Singed,25,20,0.01,13,12,0.52,3.1,7.7,1.544444444,7.6,374,359,1.1,56,386
S07,Soraka,26,14,0.01,13,13,0.5,3.4,7.3,1.366666667,0.4,101,268,-3,-72,-62
S07,Yasuo,15,24,0.01,7,8,0.47,2.5,5.7,1.520833333,9,352,387,9.2,49,-353
S07,Darius,7,21,0.01,4,3,0.57,3.8,8.2,1.527777778,8.3,419,445,25.8,1108,552
S07,Nocturne,15,13,0.01,10,5,0.67,3.3,8.5,1.479861111,5.1,401,367,9.6,283,477
S07,Draven,18,9,0.01,8,10,0.44,3.1,6.7,1.447222222,8.3,407,420,-4.9,-88,-42
S07,Jinx,20,5,0.01,10,10,0.5,6,8,1.4875,9.5,621,425,-3.2,-89,-117
S07,VelKoz,15,9,0.01,7,8,0.47,7.6,7.1,1.516666667,7.6,727,379,0.1,7,184
S07,Vayne,20,2,0.01,12,8,0.6,4.2,8.5,1.38125,9,501,424,4.8,-289,68
S07,Leona,17,4,0.01,13,4,0.76,4.5,8.3,1.448611111,1.4,109,283,12.6,337,366
S07,Akali,12,8,0.01,5,7,0.42,1.6,7.3,1.403472222,8.1,396,392,-1.1,-277,-144
S07,Lissandra,14,4,0.01,5,9,0.36,3,9.5,1.565972222,8.8,492,394,-3,244,-145
S07,Dr. Mundo,11,6,0.01,4,7,0.36,2.7,8.3,1.469444444,7.8,422,357,3.5,-227,90
S07,Evelynn,10,7,0.01,5,5,0.5,7.2,7.4,1.421527778,4.3,482,355,-1,320,201
S07,Mordekaiser,9,8,0.01,6,3,0.67,2.5,6,1.420833333,7.8,444,376,-10.1,178,78
S07,Sona,13,4,0.01,6,7,0.46,3.3,9.5,1.351388889,0.6,178,275,-2.9,-23,261
S07,Hecarim,13,3,0.01,8,5,0.62,3.6,9,1.340277778,5.7,334,376,9.8,259,284
S07,Karthus,10,5,0,5,5,0.5,2.3,5.8,1.479166667,8.6,711,397,-5.3,-244,24
S07,Vi,9,6,0,6,3,0.67,2.8,4.5,1.544444444,4.1,227,341,-16,-229,-639
S07,Kayle,9,4,0,5,4,0.56,2.5,8.5,1.231944444,7.4,359,373,0.1,-146,357
S07,Yorick,5,6,0,1,4,0.2,2.3,3.7,1.684722222,7.4,591,369,-2.4,-67,-101
S07,Irelia,8,1,0,3,5,0.38,1.7,7,1.313194444,7.5,375,355,-3.2,-417,-378
S07,Nasus,5,4,0,3,2,0.6,3.3,9,1.233333333,9.3,598,431,-5.2,134,-41
S07,Fiddlesticks,6,2,0,1,5,0.17,2,5.5,1.582638889,1.7,310,270,17.3,326,466
S07,Urgot,5,3,0,1,4,0.2,0.5,6.3,1.235416667,8.2,364,338,9.8,-276,-272
S07,Xerath,5,2,0,1,4,0.2,3.9,8.5,1.65,7.9,923,377,-3.4,-164,7
S07,Kindred,6,1,0,0,6,0,1.2,9,1.271527778,4.8,249,302,-31,-703,-884
S07,Aatrox,2,4,0,0,2,0,1.1,4.8,1.48125,7.8,374,357,-2,-268,-158
S07,Heimerdinger,5,1,0,3,2,0.6,3.1,1,1.297222222,7.2,749,437,11.5,-281,71
S07,Lux,5,1,0,1,4,0.2,2.3,9,1.257638889,4,370,316,0.2,-315,-155
S07,Rammus,4,2,0,3,1,0.75,5.7,8.5,1.386805556,4.2,249,328,3.8,240,239
S07,Riven,5,1,0,1,4,0.2,1.5,7,1.447222222,7.9,302,357,-5,-327,-127
S07,Shaco,5,0,0,1,4,0.2,1.4,-,1.375,4.8,360,349,-6.2,-509,-211
S07,Skarner,3,2,0,2,1,0.67,5.1,8.5,2.003472222,3.8,142,321,1.5,-112,208
S07,Pantheon,4,0,0,1,3,0.25,1.1,-,1.475,5.2,306,326,-7.5,-404,-861
S07,Amumu,1,2,0,0,1,0,1,9,1.781944444,4.6,184,274,16,-959,-1232
S07,Garen,1,2,0,0,1,0,3.4,5.5,1.379861111,4.9,311,374,-6,941,-1177
S07,Malphite,3,0,0,1,2,0.33,2.6,-,1.027777778,5.7,367,324,-5.3,-536,-491
S07,Shyvana,3,0,0,0,3,0,2.5,-,1.436111111,5.6,278,321,-5,-10,-468
S07,Annie,2,0,0,0,2,0,1.1,-,1.570138889,0.7,228,246,4.5,-223,102
S07,Volibear,1,1,0,0,1,0,2.4,10,1.399305556,2.9,334,325,-23,334,-849
S07,Diana,0,1,0,,,,,10,0,,,,,,
S07,Master Yi,1,0,0,0,1,0,2.2,-,1.211111111,6.8,533,408,-9,-433,521
S07,Teemo,1,0,0,0,1,0,0.3,-,1.222222222,6.4,417,312,-29,-1791,-1484
S07,Veigar,1,0,0,0,1,0,0.4,-,1.215972222,0.4,138,221,-16,-93,30
S07,Wukong,1,0,0,0,1,0,1.3,-,1.075,7.6,335,343,1,178,-237
S07,Xin Zhao,1,0,0,0,1,0,0.6,-,1.120833333,3.3,153,258,-12,-1334,-538
S07,Quinn,0,0,0,,,,,-,0,,,,,,
S07,Tryndamere,0,0,0,,,,,-,0,,,,,,
S07,Udyr,0,0,0,,,,,-,0,,,,,,
S07,Ornn,0,0,0,,,,,-,0,,,,,,
S07,Zoe,0,0,0,,,,,-,0,,,,,,
S07,Kaisa,0,0,0,,,,,-,0,,,,,,
S07,Pyke,0,0,0,,,,,-,0,,,,,,
S07,Neeko,0,0,0,,,,,-,0,,,,,,
S07,Sylas,0,0,0,,,,,-,0,,,,,,
S07,Yuumi,0,0,0,,,,,-,0,,,,,,
S07,Qiyana,0,0,0,,,,,-,0,,,,,,
S07,Senna,0,0,0,,,,,-,0,,,,,,
S07,Aphelios,0,0,0,,,,,-,0,,,,,,
S07,Sett,0,0,0,,,,,-,0,,,,,,
S07,Lillia,0,0,0,,,,,-,0,,,,,,
S07,Yone,0,0,0,,,,,-,0,,,,,,
S07,Samira,0,0,0,,,,,-,0,,,,,,
S07,Seraphine,0,0,0,,,,,-,0,,,,,,
S07,Rell,0,0,0,,,,,-,0,,,,,,
S07,Viego,0,0,0,,,,,-,0,,,,,,
S07,Gwen,0,0,0,,,,,-,0,,,,,,
S07,Akshan,0,0,0,,,,,-,0,,,,,,
S07,Vex,0,0,0,,,,,-,0,,,,,,
S07,Zeri,0,0,0,,,,,-,0,,,,,,
S07,Renata Glasc,0,0,0,,,,,-,0,,,,,,
S06,Nidalee,404,930,0.66,220,184,0.54,4,3.3,1.505555556,5,408,382,12.9,579,842
S06,Braum,957,162,0.55,457,500,0.48,3,3.4,1.532638889,1.3,138,256,5.5,15,-75
S06,RekSai,787,297,0.53,395,392,0.5,4.1,4,1.551388889,4.3,287,347,3.2,107,150
S06,Sivir,764,319,0.53,404,360,0.53,4.5,3.6,1.54375,9.6,576,424,-0.4,37,2
S06,Ryze,266,796,0.52,132,134,0.5,3,3.8,1.5125,8.1,470,386,-2,-55,-55
S06,Trundle,738,301,0.51,384,354,0.52,3.7,3.6,1.552083333,4.6,213,319,2.8,26,-29
S06,Alistar,722,264,0.48,355,367,0.49,3.2,3.4,1.523611111,1.1,89,251,2,-53,2
S06,Lucian,837,116,0.47,407,430,0.49,3.8,3.8,1.519444444,9,511,413,5.1,136,91
S06,Vladimir,298,640,0.46,151,147,0.51,4,3.8,1.521527778,8.5,579,388,2.8,12,8
S06,Elise,716,186,0.44,335,381,0.47,3.2,3.5,1.544444444,3.8,330,340,-8.2,-136,-281
S06,Karma,591,301,0.44,277,314,0.47,3.5,3.7,1.536805556,2.8,263,290,-3.1,-56,-68
S06,Gragas,708,182,0.44,383,325,0.54,3.8,4.2,1.539583333,4.2,312,337,-2.6,-238,-214
S06,Gangplank,267,606,0.43,132,135,0.49,3.4,3.5,1.568055556,8.3,607,422,-4.1,171,-123
S06,Azir,391,402,0.39,200,191,0.51,3.1,3.2,1.528472222,9,622,398,5.1,49,65
S06,Graves,570,145,0.35,260,310,0.46,3.3,3.8,1.50625,5.2,421,365,5,12,53
S06,Lissandra,388,324,0.35,200,188,0.52,3.1,3.2,1.549305556,8.3,442,384,0.3,-20,-91
S06,Poppy,478,233,0.35,250,228,0.52,3.5,3.6,1.534027778,6.9,361,358,-5.8,-94,-30
S06,Kindred,362,330,0.34,165,197,0.46,2.8,3.7,1.508333333,4.3,367,351,-2.1,-32,-157
S06,Kalista,336,337,0.33,171,165,0.51,3.8,3.8,1.46875,8.6,409,407,-0.4,31,-64
S06,Bard,402,250,0.32,208,194,0.52,3.4,3.1,1.51875,0.6,190,262,-8.3,-27,231
S06,Viktor,521,92,0.3,234,287,0.45,3.1,3.5,1.577777778,8.9,630,398,0.3,-97,-61
S06,Ekko,475,134,0.3,240,235,0.51,3.5,3.9,1.559722222,7.6,423,376,1.2,45,172
S06,Jhin,477,125,0.3,224,253,0.47,4.6,3.4,1.563888889,7.9,602,388,-4.3,-153,-76
S06,Shen,283,312,0.29,147,136,0.52,4.7,3.4,1.549305556,7,312,359,-5.3,-135,-67
S06,Ezreal,547,41,0.29,259,288,0.47,4.2,3.2,1.540277778,8.4,651,395,-2.9,-120,26
S06,Lulu,220,363,0.29,107,113,0.49,4.2,4,1.479166667,7.9,398,389,-2.3,93,57
S06,Corki,333,236,0.28,162,171,0.49,3.7,3.9,1.528472222,9,631,408,5.8,65,69
S06,Ashe,431,114,0.27,238,193,0.55,3.8,4,1.509722222,8.4,488,398,-1.1,-17,-32
S06,Gnar,386,130,0.25,188,198,0.49,2.8,3.8,1.513194444,7.4,444,368,3.3,51,174
S06,LeBlanc,261,245,0.25,142,119,0.54,4.1,3,1.500694444,7.8,549,390,1.9,204,139
S06,Maokai,361,106,0.23,179,182,0.5,3.4,3.8,1.53125,7,353,348,-4.8,-167,-213
S06,Tahm Kench,268,187,0.22,134,134,0.5,2.8,3.2,1.575,2.8,178,284,3,-2,29
S06,Twisted Fate,163,276,0.22,90,73,0.55,3.5,2.9,1.519444444,8.1,501,420,-10.3,372,-225
S06,Malzahar,174,235,0.2,102,72,0.59,4,3.7,1.557638889,7.8,653,385,-6.9,-231,69
S06,Thresh,304,90,0.19,158,146,0.52,3.2,3.5,1.501388889,1.1,110,249,2,30,29
S06,Fiora,192,186,0.19,94,98,0.49,2.3,3,1.446527778,8.2,387,393,2.8,-1,-35
S06,Caitlyn,220,98,0.16,110,110,0.5,3.2,2.9,1.548611111,8.9,536,404,1.9,-44,-55
S06,Hecarim,189,117,0.15,93,96,0.49,3.5,3.5,1.50625,4.6,358,357,-2.9,-153,-194
S06,Irelia,207,97,0.15,107,100,0.52,2.4,3.8,1.476388889,7.6,391,380,5.8,62,14
S06,Varus,149,152,0.15,79,70,0.53,3.7,3.2,1.576388889,8.3,796,379,-1,-125,-175
S06,Lee Sin,222,72,0.14,117,105,0.53,3.6,2.9,1.530555556,3.7,259,339,-4.6,-41,-159
S06,Taliyah,109,169,0.14,63,46,0.58,3.6,3.2,1.547916667,8.7,619,401,3.7,122,10
S06,Nautilus,221,34,0.13,109,112,0.49,2.8,3.6,1.502083333,6.2,299,331,-4.9,-166,-195
S06,Cassiopeia,155,81,0.12,81,74,0.52,3.6,3.7,1.497916667,8.6,548,395,4.6,128,-39
S06,Olaf,123,106,0.11,59,64,0.48,3.2,3.5,1.529166667,4.6,353,344,3.4,-13,6
S06,KogMaw,100,103,0.1,43,57,0.43,3.4,3.6,1.569444444,8.7,593,417,3.8,117,125
S06,Rumble,133,66,0.1,65,68,0.49,2.3,2.3,1.54375,7.2,547,369,0.8,23,-46
S06,Swain,95,98,0.09,49,46,0.52,3.3,3.5,1.561805556,7.9,602,369,2.6,-52,228
S06,Syndra,68,103,0.08,35,33,0.51,3.3,3.7,1.625694444,8.9,603,416,12.7,418,265
S06,Kassadin,108,57,0.08,45,63,0.42,3.1,3.1,1.414583333,7.8,531,373,-11.1,-344,-170
S06,Nami,152,5,0.08,79,73,0.52,4.5,5.8,1.561805556,0.5,132,259,-5.8,-20,72
S06,Quinn,75,74,0.07,40,35,0.53,2.9,3.1,1.459027778,8.1,479,401,8,110,109
S06,Zed,53,90,0.07,33,20,0.62,3.3,2.7,1.472916667,8.2,474,403,-1.3,63,191
S06,Soraka,80,58,0.07,44,36,0.55,3.6,2.8,1.432638889,0.4,93,261,-6.5,-39,-25
S06,Zilean,88,49,0.07,54,34,0.61,5.5,2.9,1.544444444,8.4,476,384,-3.3,-97,322
S06,Taric,108,14,0.06,62,46,0.57,4.4,3.6,1.490972222,1.4,91,266,3.7,83,41
S06,Anivia,52,66,0.06,26,26,0.5,3.7,2.8,1.454861111,8.6,530,386,-4.2,-130,82
S06,Janna,100,10,0.05,57,43,0.57,4.9,4.6,1.460416667,0.5,79,264,-7.3,-40,9
S06,Twitch,52,54,0.05,30,22,0.58,3.3,2.6,1.536805556,7.8,562,395,-9.7,-213,-94
S06,Fizz,72,31,0.05,37,35,0.51,3.3,3.3,1.55,7.1,392,370,-11.8,-129,-111
S06,Morgana,92,11,0.05,45,47,0.49,3.1,4,1.531944444,2,257,287,-6,149,28
S06,Zyra,70,28,0.05,37,33,0.53,2.6,3.2,1.540972222,0.8,416,279,-4.2,145,-69
S06,Tristana,89,6,0.05,44,45,0.49,3.4,3.8,1.436805556,9,472,418,-3.9,100,-69
S06,Jax,48,43,0.04,27,21,0.56,2.3,3,1.468055556,7.8,319,390,-1.4,79,37
S06,Kennen,65,24,0.04,30,35,0.46,2.2,4.3,1.516666667,7,501,359,8.8,62,19
S06,Aurelion Sol,32,53,0.04,19,13,0.59,4.5,3.1,1.523611111,8.1,541,388,-9.1,-23,-157
S06,Jayce,42,39,0.04,22,20,0.52,2.9,3.6,1.490277778,8.4,596,399,9.7,426,142
S06,Miss Fortune,46,32,0.04,24,22,0.52,3.9,3.5,1.516666667,8.1,615,393,7.2,270,10
S06,Ahri,58,4,0.03,26,32,0.45,3.3,3,1.514583333,8.4,464,382,-2.9,-2,31
S06,Orianna,53,3,0.03,21,32,0.4,3.4,3.7,1.586111111,9,529,402,6.6,140,131
S06,Lux,41,10,0.03,15,26,0.37,4.4,2.7,1.539583333,8.4,540,389,2.4,-146,-46
S06,Rammus,38,12,0.02,19,19,0.5,3.1,2.3,1.559027778,7.2,406,367,-7.1,-244,-104
S06,Malphite,35,11,0.02,12,23,0.34,3,3.1,1.443055556,6.7,310,340,-6.4,-237,-42
S06,Illaoi,13,25,0.02,6,7,0.46,2,2.8,1.490972222,8,665,392,6.5,638,460
S06,Dr. Mundo,22,11,0.02,9,13,0.41,2,4.5,1.459722222,5.2,389,335,-5.2,-364,-250
S06,Vayne,25,0,0.01,11,14,0.44,3.2,-,1.375694444,8,413,391,-6.2,-366,65
S06,Jinx,23,0,0.01,7,16,0.3,2.6,-,1.525694444,9.3,464,388,-9.3,-509,-575
S06,KhaZix,22,1,0.01,10,12,0.45,3.4,1,1.463194444,4.1,284,336,1,-17,-87
S06,Yasuo,19,1,0.01,6,13,0.32,2,5,1.503472222,8.7,410,382,3.1,44,-215
S06,Brand,6,13,0.01,3,3,0.5,2.7,2.2,1.540277778,2.2,579,323,-6.8,454,109
S06,Draven,7,11,0.01,2,5,0.29,3.6,3.1,1.414583333,7.6,539,404,-7.1,346,43
S06,Jarvan IV,11,7,0.01,5,6,0.45,2.6,2.1,1.554166667,7.7,325,381,-4.5,-185,-217
S06,Zac,13,5,0.01,5,8,0.38,3.7,3.8,1.611805556,4.9,323,338,1.5,-134,-77
S06,Evelynn,13,4,0.01,7,6,0.54,3.5,2.5,1.5375,3.5,266,294,4.5,-610,-77
S06,Sona,15,2,0.01,5,10,0.33,2.6,4.5,1.452777778,0.9,185,262,-5.9,53,-36
S06,VelKoz,17,0,0.01,9,8,0.53,3.4,-,1.500694444,8.5,678,393,-4.3,-104,-280
S06,Rengar,11,2,0.01,5,6,0.45,3.2,3,1.320833333,3.9,285,363,-2.7,-16,-185
S06,Udyr,8,5,0.01,3,5,0.38,2.8,3.2,1.486805556,4.9,172,351,5.4,-184,-87
S06,Skarner,9,3,0.01,6,3,0.67,4.7,2.3,1.545833333,3.9,157,358,-9.3,-369,-418
S06,Renekton,11,0,0.01,5,6,0.45,2.5,-,1.520138889,8,353,386,0.2,-57,-118
S06,Sejuani,11,0,0.01,3,8,0.27,2.8,-,1.530555556,4,258,327,-3.1,-271,-416
S06,Kayle,4,6,0,1,3,0.25,1.4,3.5,1.269444444,7.3,347,376,5,40,-32
S06,Xerath,8,2,0,1,7,0.13,2.2,3.5,1.39375,8.1,716,350,3.5,426,-147
S06,Pantheon,7,1,0,4,3,0.57,2.2,5,1.360416667,6.1,450,373,4.1,-165,303
S06,Sion,4,3,0,1,3,0.25,4.4,1.3,1.438194444,5,297,337,-14,195,163
S06,Nocturne,6,0,0,3,3,0.5,3.3,-,1.406944444,3.8,283,338,-18.8,-1151,-1344
S06,Riven,5,1,0,3,2,0.6,2.6,2,1.489583333,8.8,474,434,22,527,1088
S06,Veigar,5,1,0,0,5,0,1.5,4,1.5,8,353,336,-2.5,-236,122
S06,Ziggs,5,0,0,1,4,0.2,1,-,1.347916667,8.6,513,351,-9,-646,-937
S06,Nunu,4,0,0,3,1,0.75,4.3,-,1.342361111,3.5,182,336,-7,-165,-184
S06,Blitzcrank,3,0,0,1,2,0.33,2.5,-,1.450694444,1.2,121,225,10,-338,-348
S06,Diana,2,1,0,2,0,1,2.4,6,1.575,9.4,399,452,-15,-71,-483
S06,Mordekaiser,1,2,0,1,0,1,13,2.5,1.599305556,5.1,486,394,-4,942,716
S06,Teemo,3,0,0,0,3,0,1.1,-,1.599305556,8,460,348,3.7,-508,-22
S06,Urgot,3,0,0,0,3,0,1.1,-,1.295833333,7.4,409,316,-0.5,-496,-852
S06,Akali,1,1,0,0,1,0,1.9,6,1.377083333,5.9,681,399,-15,-553,-618
S06,Amumu,2,0,0,1,1,0.5,3,-,1.420833333,4,340,340,-20,-164,54
S06,Chogath,2,0,0,2,0,1,3.8,-,1.239583333,7.2,336,422,-4,-60,370
S06,Karthus,2,0,0,0,2,0,2,-,1.889583333,8.3,807,375,-7.5,-204,-427
S06,Leona,2,0,0,0,2,0,1.3,-,1.432638889,1.2,114,234,3.5,-269,-430
S06,Annie,1,0,0,0,1,0,1.9,-,1.58125,0.4,,,-,-,-
S06,Darius,1,0,0,0,1,0,0.8,-,1.122222222,6.4,,,-,-,-
S06,Master Yi,1,0,0,1,0,1,2.2,-,1.819444444,4.5,,,-,-,-
S06,Nasus,1,0,0,0,1,0,1.7,-,1.828472222,7.7,678,378,23,588,1531
S06,Singed,1,0,0,1,0,1,,-,0.952777778,8.8,,,-,-,-
S06,Talon,1,0,0,0,1,0,1.4,-,1.357638889,6.6,411,328,4,-186,401
S06,Kled,1,0,0,0,1,0,1.2,-,1.415972222,7.2,401,323,-13,-1285,-1713
S06,Aatrox,0,0,0,,,,,-,0,,,,,,
S06,Fiddlesticks,0,0,0,,,,,-,0,,,,,,
S06,Galio,0,0,0,,,,,-,0,,,,,,
S06,Garen,0,0,0,,,,,-,0,,,,,,
S06,Heimerdinger,0,0,0,,,,,-,0,,,,,,
S06,Katarina,0,0,0,,,,,-,0,,,,,,
S06,Shaco,0,0,0,,,,,-,0,,,,,,
S06,Shyvana,0,0,0,,,,,-,0,,,,,,
S06,Tryndamere,0,0,0,,,,,-,0,,,,,,
S06,Vi,0,0,0,,,,,-,0,,,,,,
S06,Volibear,0,0,0,,,,,-,0,,,,,,
S06,Warwick,0,0,0,,,,,-,0,,,,,,
S06,Wukong,0,0,0,,,,,-,0,,,,,,
S06,Xin Zhao,0,0,0,,,,,-,0,,,,,,
S06,Yorick,0,0,0,,,,,-,0,,,,,,
S06,Ivern,0,0,0,,,,,-,0,,,,,,
S06,Camille,0,0,0,,,,,-,0,,,,,,
S06,Xayah,0,0,0,,,,,-,0,,,,,,
S06,Rakan,0,0,0,,,,,-,0,,,,,,
S06,Kayn,0,0,0,,,,,-,0,,,,,,
S06,Ornn,0,0,0,,,,,-,0,,,,,,
S06,Zoe,0,0,0,,,,,-,0,,,,,,
S06,Kaisa,0,0,0,,,,,-,0,,,,,,
S06,Pyke,0,0,0,,,,,-,0,,,,,,
S06,Neeko,0,0,0,,,,,-,0,,,,,,
S06,Sylas,0,0,0,,,,,-,0,,,,,,
S06,Yuumi,0,0,0,,,,,-,0,,,,,,
S06,Qiyana,0,0,0,,,,,-,0,,,,,,
S06,Senna,0,0,0,,,,,-,0,,,,,,
S06,Aphelios,0,0,0,,,,,-,0,,,,,,
S06,Sett,0,0,0,,,,,-,0,,,,,,
S06,Lillia,0,0,0,,,,,-,0,,,,,,
S06,Yone,0,0,0,,,,,-,0,,,,,,
S06,Samira,0,0,0,,,,,-,0,,,,,,
S06,Seraphine,0,0,0,,,,,-,0,,,,,,
S06,Rell,0,0,0,,,,,-,0,,,,,,
S06,Viego,0,0,0,,,,,-,0,,,,,,
S06,Gwen,0,0,0,,,,,-,0,,,,,,
S06,Akshan,0,0,0,,,,,-,0,,,,,,
S06,Vex,0,0,0,,,,,-,0,,,,,,
S06,Zeri,0,0,0,,,,,-,0,,,,,,
S06,Renata Glasc,0,0,0,,,,,-,0,,,,,,
S05,RekSai,747,523,0.72,379,368,0.51,3.8,3.8,1.55,3.6,245,304,4,194,283
S05,Kalista,353,890,0.71,206,147,0.58,4.1,3.3,1.546527778,8.4,438,385,5.6,-42,-43
S05,Maokai,725,238,0.55,380,345,0.52,3.5,3.6,1.554166667,6.4,319,321,4.9,117,57
S05,Sivir,735,217,0.54,406,329,0.55,4.9,3.7,1.549305556,8.7,532,398,-2.4,-82,-43
S05,Azir,409,537,0.54,208,201,0.51,3.3,3.2,1.580555556,8.7,588,385,1.9,10,45
S05,Thresh,701,228,0.53,363,338,0.52,3.1,3.4,1.540277778,0.9,124,221,1.7,40,93
S05,Gragas,589,325,0.52,296,293,0.5,3.7,3.9,1.563194444,3.1,220,286,0.9,-174,-4
S05,Janna,624,203,0.47,329,295,0.53,4.6,3.8,1.56875,0.5,73,227,-5.2,-158,-47
S05,Rumble,432,336,0.44,222,210,0.51,2.9,3.2,1.591666667,6.2,508,326,-8.3,-82,-154
S05,Gnar,528,235,0.43,271,257,0.51,3.4,3.9,1.570833333,6.9,386,334,2.2,-86,167
S05,Alistar,481,267,0.42,231,250,0.48,3.3,3.8,1.542361111,0.9,91,222,2.8,-7,71
S05,LeBlanc,254,478,0.42,119,135,0.47,3.5,3.3,1.547222222,7.3,591,370,8.4,267,375
S05,Lulu,389,343,0.42,181,208,0.47,3.8,3.6,1.55,6.8,343,334,-1.1,-140,-58
S05,Corki,624,50,0.38,280,344,0.45,4,4,1.615277778,8.4,556,375,5.6,39,185
S05,Ryze,102,482,0.33,53,49,0.52,2.8,3.8,1.498611111,7.2,440,356,7.9,164,-20
S05,Viktor,396,186,0.33,192,204,0.48,3.7,3.7,1.595138889,9.1,601,389,0.3,-87,-154
S05,Hecarim,344,220,0.32,159,185,0.46,3.1,3.8,1.503472222,7.3,367,351,6.2,222,168
S05,Lee Sin,429,109,0.31,188,241,0.44,3.2,3.8,1.575,2.9,218,291,-6.2,-155,-270
S05,Annie,323,196,0.29,178,145,0.55,2.8,3.3,1.578472222,0.6,178,232,-8.9,34,-129
S05,Nidalee,208,309,0.29,114,94,0.55,3.6,3.1,1.547222222,4.1,366,336,24.7,961,1008
S05,Kassadin,230,260,0.28,115,115,0.5,4.3,3.9,1.5375,7.1,522,354,-3,-132,-248
S05,Jarvan IV,372,106,0.27,188,184,0.51,3.4,4.2,1.5875,3.3,241,313,-9.2,-425,-380
S05,Lissandra,174,300,0.27,88,86,0.51,2.9,3.6,1.590277778,7.9,450,364,0.4,-202,-160
S05,Morgana,305,151,0.26,161,144,0.53,3.6,3.4,1.598611111,1.7,194,246,-4.6,2,-222
S05,Nautilus,346,47,0.22,157,189,0.45,2.6,3.8,1.533333333,2.2,207,238,4.6,13,20
S05,Ahri,250,139,0.22,136,114,0.54,4.4,3.5,1.609027778,8.2,554,384,-4.2,101,45
S05,Fizz,209,179,0.22,112,97,0.54,2.8,3.2,1.509027778,6.9,353,356,-10.4,-215,34
S05,Braum,313,51,0.21,143,170,0.46,3.1,3.9,1.565277778,1.1,153,218,3.2,-207,-236
S05,Cassiopeia,152,191,0.19,79,73,0.52,3.3,3.1,1.555555556,8.3,483,381,3.8,-8,-185
S05,Shen,203,121,0.18,103,100,0.51,4.7,3.8,1.550694444,5.9,236,317,3.6,363,272
S05,KogMaw,252,62,0.18,118,134,0.47,3.6,3.7,1.623611111,8,682,368,-2.5,-336,-253
S05,Lucian,283,28,0.18,135,148,0.48,3.4,3.6,1.539583333,8.7,489,382,1.5,-377,-1
S05,Twisted Fate,140,170,0.18,78,62,0.56,3.6,3.4,1.49375,8.4,478,424,-10.8,340,-150
S05,Sejuani,196,110,0.17,106,90,0.54,4.1,4.1,1.530555556,3.4,233,298,1.2,-402,-92
S05,Ekko,169,131,0.17,86,83,0.51,3.8,3.6,1.563194444,4.4,306,312,-1.4,-203,72
S05,Elise,201,97,0.17,113,88,0.56,3.3,4.5,1.579166667,3.1,264,305,-3.5,109,-170
S05,Zed,109,180,0.16,65,44,0.6,3.3,3,1.586805556,8,474,387,-3.2,-15,236
S05,Vayne,235,50,0.16,118,117,0.5,3.7,3.1,1.550694444,7.8,458,370,-1.9,-204,-220
S05,Ezreal,222,58,0.16,111,111,0.5,4.3,3.2,1.55,8.5,766,397,-2.3,130,-249
S05,Xerath,146,112,0.15,66,80,0.45,3.7,3.6,1.65,8.1,875,362,-,-,-
S05,Tristana,232,20,0.14,97,135,0.42,3.6,4.4,1.530555556,8.6,488,395,-7.9,-144,-192
S05,Nunu,188,61,0.14,107,81,0.57,4.3,3.2,1.483333333,2.9,188,298,4.3,346,355
S05,Jinx,229,17,0.14,113,116,0.49,3.8,4.4,1.515277778,8.5,549,402,1.7,288,103
S05,Orianna,217,27,0.14,106,111,0.49,4.1,3.1,1.526388889,8.7,490,385,6.6,66,192
S05,Irelia,149,93,0.14,64,85,0.43,2.8,3.1,1.55,6.8,385,348,-12.3,-232,-11
S05,Graves,214,24,0.13,102,112,0.48,4,2.5,1.566666667,8.4,435,356,-5,321,251
S05,Urgot,89,134,0.13,46,43,0.52,3.5,3.4,1.51875,7.2,459,357,-0.8,148,38
S05,Evelynn,169,50,0.12,69,100,0.41,2.9,4,1.573611111,2.9,274,283,-2.9,-124,-239
S05,Rengar,116,71,0.11,44,72,0.38,2.6,3.3,1.552777778,3,220,291,3.5,525,86
S05,Gangplank,42,126,0.1,25,17,0.6,3.8,3.5,1.633333333,8.2,617,422,-2.6,381,62
S05,Vladimir,99,58,0.09,48,51,0.48,3,3,1.515277778,8.2,547,366,26.8,764,646
S05,Yasuo,78,77,0.09,40,38,0.51,3,3,1.476388889,8.6,457,404,-7.3,-458,-561
S05,Leona,139,8,0.08,63,76,0.45,2.6,3.9,1.597222222,1.2,136,232,6.4,241,-61
S05,Varus,98,49,0.08,49,49,0.5,3.7,3.3,1.636805556,8.2,817,370,-3.3,-350,187
S05,Jayce,85,60,0.08,32,53,0.38,3.2,3.1,1.579861111,8,738,367,-12,-269,-184
S05,Kennen,114,28,0.08,58,56,0.51,2.7,3.1,1.595833333,4.2,304,272,0.4,206,94
S05,Sion,99,41,0.08,54,45,0.55,3,3,1.545138889,6.5,331,326,-19,-1113,-469
S05,Diana,78,49,0.07,39,39,0.5,2.7,3,1.467361111,8.5,475,395,-7.7,-58,78
S05,Nami,123,2,0.07,53,70,0.43,3.7,6,1.594444444,0.4,153,225,-,-,-
S05,Vi,90,17,0.06,49,41,0.54,2.9,3.7,1.573611111,3.3,128,252,-1,-414,-96
S05,Veigar,24,76,0.06,13,11,0.54,3.7,3.2,1.536805556,3.6,395,329,-10.1,-360,-653
S05,Ashe,77,10,0.05,43,34,0.56,3.8,3.1,1.492361111,8,465,377,-2.1,65,-93
S05,Draven,41,37,0.04,22,19,0.54,3.8,2.2,1.45,8.2,475,405,-12,-661,-239
S05,Olaf,54,24,0.04,28,26,0.52,3,3.3,1.561805556,5.8,368,342,-3.5,-121,-299
S05,Caitlyn,67,9,0.04,35,32,0.52,3.6,3.4,1.568055556,8.6,523,376,-1.2,-251,125
S05,Mordekaiser,4,68,0.04,4,0,1,17.8,4,1.391666667,7.5,598,424,20.8,1122,2188
S05,Shyvana,53,15,0.04,25,28,0.47,2.5,4,1.472916667,7.6,408,359,-12,-245,-188
S05,Fiora,36,31,0.04,17,19,0.47,2.3,2.8,1.609027778,7.9,426,365,-6.3,-123,-73
S05,Chogath,38,28,0.04,18,20,0.47,3.1,2.9,1.445833333,8.1,412,342,1.7,-208,-439
S05,Bard,45,20,0.04,18,27,0.4,3.2,3.9,1.580555556,0.6,188,231,-10.4,-743,-237
S05,Syndra,42,22,0.04,18,24,0.43,2.9,3,1.559027778,7.9,476,376,9,785,110
S05,Jax,24,39,0.04,13,11,0.54,2.7,2.5,1.583333333,7.4,342,366,-1,171,274
S05,Riven,40,22,0.04,22,18,0.55,2.6,3.5,1.471527778,8.1,332,389,4.2,271,104
S05,Darius,39,16,0.03,20,19,0.51,2.3,4.4,1.456944444,6.9,317,344,4.5,198,9
S05,Dr. Mundo,46,5,0.03,19,27,0.41,3,4.6,1.649305556,6.9,412,342,19,1113,469
S05,Tahm Kench,21,30,0.03,13,8,0.62,4,3.2,1.632638889,1.3,177,235,2.6,21,225
S05,Karthus,31,15,0.03,19,12,0.61,2.9,3.4,1.618055556,8.7,948,424,20.5,172,594
S05,Malphite,34,12,0.03,18,16,0.53,4.6,3.1,1.576388889,6.5,318,322,-13.8,-342,-162
S05,Twitch,42,3,0.03,14,28,0.33,2.6,4.7,1.60625,6.8,484,303,-29,-1096,-469
S05,Renekton,36,8,0.02,15,21,0.42,2.5,2.6,1.63125,7.7,345,362,8.4,208,334
S05,Trundle,23,12,0.02,13,10,0.57,2.9,2.7,1.475,6.8,295,329,-,-,-
S05,Warwick,12,16,0.02,7,5,0.58,3.6,4.8,1.463194444,2.7,,,-,-,-
S05,Pantheon,16,8,0.01,7,9,0.44,2.3,2.5,1.529166667,2.6,,,-,-,-
S05,KhaZix,23,0,0.01,7,16,0.3,2.3,-,1.55,3.7,378,352,-,-,-
S05,Karma,19,3,0.01,8,11,0.42,3.5,1.7,1.493055556,1.6,271,253,-,-,-
S05,Kayle,12,7,0.01,5,7,0.42,2.2,2.7,1.388194444,6.4,344,363,-,-,-
S05,Anivia,17,1,0.01,9,8,0.53,3,5,1.635416667,8.7,505,368,-6.3,-361,-56
S05,Blitzcrank,13,3,0.01,7,6,0.54,2.7,2.7,1.341666667,0.9,133,198,4,-403,-515
S05,Soraka,10,6,0.01,4,6,0.4,5.5,2.8,1.652777778,0.3,89,279,-,-,-
S05,Zac,14,1,0.01,10,4,0.71,5.3,3,1.5875,2.8,200,289,-23,-1336,-1226
S05,Ziggs,14,1,0.01,3,11,0.21,2.5,5,1.59375,9.2,666,365,25,84,504
S05,Udyr,10,3,0.01,5,5,0.5,4.2,3.7,1.511805556,3.6,,,-,-,-
S05,Nocturne,11,1,0.01,5,6,0.45,2.6,2,1.602777778,4,248,301,-,-,-
S05,Kindred,6,5,0.01,4,2,0.67,2.7,5,1.535416667,5.5,442,342,-2.2,-154,-72
S05,Skarner,10,0,0.01,7,3,0.7,5,-,1.5125,3.2,119,290,4.3,285,2
S05,Sona,8,0,0,3,5,0.38,3.4,-,1.518055556,0.7,,,-,-,-
S05,Lux,6,0,0,2,4,0.33,2.8,-,1.459722222,7.3,226,304,-,-,-
S05,Master Yi,3,3,0,2,1,0.67,3.8,1.7,1.246527778,8.6,352,404,-,-,-
S05,Xin Zhao,6,0,0,3,3,0.5,1.8,-,1.773611111,2.8,201,279,-,-,-
S05,Zilean,5,1,0,2,3,0.4,4.5,2,1.461111111,2.3,595,339,-,-,-
S05,Galio,5,0,0,2,3,0.4,2.1,-,1.595138889,6.4,500,298,-,-,-
S05,Katarina,4,1,0,3,1,0.75,6.2,5,1.770833333,8,,,-,-,-
S05,Poppy,4,1,0,0,4,0,1.1,1,1.235416667,6.5,235,290,-,-,-
S05,Yorick,4,1,0,2,2,0.5,3.1,5,1.484027778,5.5,,,-,-,-
S05,Fiddlesticks,4,0,0,1,3,0.25,2.1,-,1.7625,1.5,,,-,-,-
S05,VelKoz,4,0,0,0,4,0,1.8,-,1.6625,6.4,807,343,-,-,-
S05,Aatrox,1,2,0,1,0,1,10,2.5,1.380555556,3,,,-,-,-
S05,Amumu,3,0,0,0,3,0,1.2,-,1.459722222,3.5,160,278,-,-,-
S05,Singed,3,0,0,2,1,0.67,6.8,-,1.670138889,7.1,,,-,-,-
S05,Volibear,3,0,0,1,2,0.33,1.3,-,1.523611111,2.5,171,246,-,-,-
S05,Brand,2,0,0,0,2,0,1.7,-,1.273611111,3.9,477,245,-19,-449,-861
S05,Quinn,2,0,0,0,2,0,0.4,-,1.123611111,7.6,,,-,-,-
S05,Shaco,1,1,0,1,0,1,,6,1.484027778,6.7,,,-,-,-
S05,Taric,2,0,0,1,1,0.5,1.3,-,1.479861111,0.9,90,210,-,-,-
S05,Wukong,2,0,0,2,0,1,3.2,-,1.590972222,2.8,209,261,-,-,-
S05,Garen,1,0,0,0,1,0,0.6,-,1.488888889,8,,,-,-,-
S05,Malzahar,1,0,0,1,0,1,3.7,-,1.279861111,8.4,,,-,-,-
S05,Miss Fortune,1,0,0,0,1,0,0.1,-,1.061111111,6.9,,,-,-,-
S05,Rammus,1,0,0,0,1,0,0.5,-,1.066666667,2.4,105,227,-,-,-
S05,Swain,1,0,0,0,1,0,1.2,-,1.963194444,6.3,,,-,-,-
S05,Talon,1,0,0,0,1,0,1.5,-,1.660416667,5.4,,,-,-,-
S05,Akali,0,0,0,,,,,-,0,,,,,,
S05,Heimerdinger,0,0,0,,,,,-,0,,,,,,
S05,Nasus,0,0,0,,,,,-,0,,,,,,
S05,Teemo,0,0,0,,,,,-,0,,,,,,
S05,Tryndamere,0,0,0,,,,,-,0,,,,,,
S05,Zyra,0,0,0,,,,,-,0,,,,,,
S05,Illaoi,0,0,0,,,,,-,0,,,,,,
S05,Jhin,0,0,0,,,,,-,0,,,,,,
S05,Aurelion Sol,0,0,0,,,,,-,0,,,,,,
S05,Taliyah,0,0,0,,,,,-,0,,,,,,
S05,Kled,0,0,0,,,,,-,0,,,,,,
S05,Ivern,0,0,0,,,,,-,0,,,,,,
S05,Camille,0,0,0,,,,,-,0,,,,,,
S05,Xayah,0,0,0,,,,,-,0,,,,,,
S05,Rakan,0,0,0,,,,,-,0,,,,,,
S05,Kayn,0,0,0,,,,,-,0,,,,,,
S05,Ornn,0,0,0,,,,,-,0,,,,,,
S05,Zoe,0,0,0,,,,,-,0,,,,,,
S05,Kaisa,0,0,0,,,,,-,0,,,,,,
S05,Pyke,0,0,0,,,,,-,0,,,,,,
S05,Neeko,0,0,0,,,,,-,0,,,,,,
S05,Sylas,0,0,0,,,,,-,0,,,,,,
S05,Yuumi,0,0,0,,,,,-,0,,,,,,
S05,Qiyana,0,0,0,,,,,-,0,,,,,,
S05,Senna,0,0,0,,,,,-,0,,,,,,
S05,Aphelios,0,0,0,,,,,-,0,,,,,,
S05,Sett,0,0,0,,,,,-,0,,,,,,
S05,Lillia,0,0,0,,,,,-,0,,,,,,
S05,Yone,0,0,0,,,,,-,0,,,,,,
S05,Samira,0,0,0,,,,,-,0,,,,,,
S05,Seraphine,0,0,0,,,,,-,0,,,,,,
S05,Rell,0,0,0,,,,,-,0,,,,,,
S05,Viego,0,0,0,,,,,-,0,,,,,,
S05,Gwen,0,0,0,,,,,-,0,,,,,,
S05,Akshan,0,0,0,,,,,-,0,,,,,,
S05,Vex,0,0,0,,,,,-,0,,,,,,
S05,Zeri,0,0,0,,,,,-,0,,,,,,
S05,Renata Glasc,0,0,0,,,,,-,0,,,,,,
